SVM,ngram_notes,1,1,rbf,False,False,"[('0.317', '0.382'), ('0.346', '0.293'), ('0.356', '0.250'), ('0.343', '0.285'), ('0.344', '0.098')]","('0.3412', '0.2616')"
SVM,ngram_notes,1,2,rbf,False,False,"[('0.307', '0.347'), ('0.336', '0.288'), ('0.385', '0.275'), ('0.341', '0.264'), ('0.336', '0.085')]","('0.3410', '0.2518')"
SVM,ngram_notes,1,3,rbf,False,False,"[('0.285', '0.347'), ('0.304', '0.283'), ('0.296', '0.309'), ('0.320', '0.216'), ('0.323', '0.072')]","('0.3056', '0.2454')"
SVM,ngram_notes,1,4,rbf,False,False,"[('0.278', '0.341'), ('0.297', '0.278'), ('0.294', '0.268'), ('0.313', '0.211'), ('0.324', '0.076')]","('0.3012', '0.2348')"
SVM,ngram_notes,1,5,rbf,False,False,"[('0.280', '0.342'), ('0.300', '0.272'), ('0.297', '0.263'), ('0.314', '0.213'), ('0.324', '0.081')]","('0.3030', '0.2342')"
SVM,ngram_notes,1,6,rbf,False,False,"[('0.284', '0.342'), ('0.302', '0.279'), ('0.298', '0.265'), ('0.315', '0.222'), ('0.323', '0.086')]","('0.3044', '0.2388')"
SVM,ngram_notes,1,7,rbf,False,False,"[('0.280', '0.329'), ('0.294', '0.280'), ('0.301', '0.275'), ('0.313', '0.202'), ('0.326', '0.092')]","('0.3028', '0.2356')"
SVM,ngram_notes,1,8,rbf,False,False,"[('0.275', '0.322'), ('0.290', '0.274'), ('0.307', '0.277'), ('0.308', '0.195'), ('0.332', '0.086')]","('0.3024', '0.2308')"
SVM,ngram_notes,2,1,rbf,False,False,"[('0.333', '0.393'), ('0.368', '0.287'), ('0.405', '0.320'), ('0.396', '0.236'), ('0.385', '0.098')]","('0.3774', '0.2668')"
SVM,ngram_notes,2,2,rbf,False,False,"[('0.287', '0.353'), ('0.308', '0.276'), ('0.299', '0.311'), ('0.319', '0.233'), ('0.321', '0.085')]","('0.3068', '0.2516')"
SVM,ngram_notes,2,3,rbf,False,False,"[('0.285', '0.347'), ('0.304', '0.283'), ('0.296', '0.309'), ('0.320', '0.216'), ('0.323', '0.072')]","('0.3056', '0.2454')"
SVM,ngram_notes,2,4,rbf,False,False,"[('0.278', '0.341'), ('0.297', '0.278'), ('0.294', '0.268'), ('0.313', '0.211'), ('0.324', '0.076')]","('0.3012', '0.2348')"
SVM,ngram_notes,2,5,rbf,False,False,"[('0.280', '0.342'), ('0.300', '0.272'), ('0.297', '0.263'), ('0.314', '0.213'), ('0.324', '0.081')]","('0.3030', '0.2342')"
SVM,ngram_notes,2,6,rbf,False,False,"[('0.284', '0.342'), ('0.302', '0.279'), ('0.298', '0.265'), ('0.315', '0.222'), ('0.323', '0.086')]","('0.3044', '0.2388')"
SVM,ngram_notes,2,7,rbf,False,False,"[('0.280', '0.329'), ('0.294', '0.280'), ('0.301', '0.275'), ('0.313', '0.202'), ('0.326', '0.092')]","('0.3028', '0.2356')"
SVM,ngram_notes,2,8,rbf,False,False,"[('0.275', '0.322'), ('0.290', '0.274'), ('0.307', '0.277'), ('0.308', '0.195'), ('0.332', '0.086')]","('0.3024', '0.2308')"
SVM,ngram_notes,3,1,rbf,False,False,"[('0.289', '0.353'), ('0.324', '0.270'), ('0.339', '0.314'), ('0.336', '0.248'), ('0.352', '0.098')]","('0.3280', '0.2566')"
SVM,ngram_notes,3,2,rbf,False,False,"[('0.287', '0.353'), ('0.308', '0.276'), ('0.299', '0.311'), ('0.319', '0.233'), ('0.321', '0.085')]","('0.3068', '0.2516')"
SVM,ngram_notes,3,3,rbf,False,False,"[('0.285', '0.347'), ('0.304', '0.283'), ('0.296', '0.309'), ('0.320', '0.216'), ('0.323', '0.072')]","('0.3056', '0.2454')"
SVM,ngram_notes,3,4,rbf,False,False,"[('0.278', '0.341'), ('0.297', '0.278'), ('0.294', '0.268'), ('0.313', '0.211'), ('0.324', '0.076')]","('0.3012', '0.2348')"
SVM,ngram_notes,3,5,rbf,False,False,"[('0.280', '0.342'), ('0.300', '0.272'), ('0.297', '0.263'), ('0.314', '0.213'), ('0.324', '0.081')]","('0.3030', '0.2342')"
SVM,ngram_notes,3,6,rbf,False,False,"[('0.284', '0.342'), ('0.302', '0.279'), ('0.298', '0.265'), ('0.315', '0.222'), ('0.323', '0.086')]","('0.3044', '0.2388')"
SVM,ngram_notes,3,7,rbf,False,False,"[('0.280', '0.329'), ('0.294', '0.280'), ('0.301', '0.275'), ('0.313', '0.202'), ('0.326', '0.092')]","('0.3028', '0.2356')"
SVM,ngram_notes,3,8,rbf,False,False,"[('0.275', '0.322'), ('0.290', '0.274'), ('0.307', '0.277'), ('0.308', '0.195'), ('0.332', '0.086')]","('0.3024', '0.2308')"
SVM,ngram_notes,4,1,rbf,False,False,"[('0.303', '0.353'), ('0.311', '0.270'), ('0.323', '0.314'), ('0.319', '0.236'), ('0.330', '0.089')]","('0.3172', '0.2524')"
SVM,ngram_notes,4,2,rbf,False,False,"[('0.287', '0.353'), ('0.308', '0.276'), ('0.299', '0.311'), ('0.319', '0.233'), ('0.321', '0.085')]","('0.3068', '0.2516')"
SVM,ngram_notes,4,3,rbf,False,False,"[('0.285', '0.347'), ('0.304', '0.283'), ('0.296', '0.309'), ('0.320', '0.216'), ('0.323', '0.072')]","('0.3056', '0.2454')"
SVM,ngram_notes,4,4,rbf,False,False,"[('0.278', '0.341'), ('0.297', '0.278'), ('0.294', '0.268'), ('0.313', '0.211'), ('0.324', '0.076')]","('0.3012', '0.2348')"
SVM,ngram_notes,4,5,rbf,False,False,"[('0.280', '0.342'), ('0.300', '0.272'), ('0.297', '0.263'), ('0.314', '0.213'), ('0.324', '0.081')]","('0.3030', '0.2342')"
SVM,ngram_notes,4,6,rbf,False,False,"[('0.284', '0.342'), ('0.302', '0.279'), ('0.298', '0.265'), ('0.315', '0.222'), ('0.323', '0.086')]","('0.3044', '0.2388')"
SVM,ngram_notes,4,7,rbf,False,False,"[('0.280', '0.329'), ('0.294', '0.280'), ('0.301', '0.275'), ('0.313', '0.202'), ('0.326', '0.092')]","('0.3028', '0.2356')"
SVM,ngram_notes,4,8,rbf,False,False,"[('0.275', '0.322'), ('0.290', '0.274'), ('0.307', '0.277'), ('0.308', '0.195'), ('0.332', '0.086')]","('0.3024', '0.2308')"
SVM,ngram_notes,5,1,rbf,False,False,"[('0.303', '0.353'), ('0.311', '0.270'), ('0.313', '0.314'), ('0.319', '0.236'), ('0.320', '0.089')]","('0.3132', '0.2524')"
SVM,ngram_notes,5,2,rbf,False,False,"[('0.287', '0.353'), ('0.308', '0.276'), ('0.299', '0.311'), ('0.319', '0.233'), ('0.321', '0.085')]","('0.3068', '0.2516')"
SVM,ngram_notes,5,3,rbf,False,False,"[('0.285', '0.347'), ('0.304', '0.283'), ('0.296', '0.309'), ('0.320', '0.216'), ('0.323', '0.072')]","('0.3056', '0.2454')"
SVM,ngram_notes,5,4,rbf,False,False,"[('0.278', '0.341'), ('0.297', '0.278'), ('0.294', '0.268'), ('0.313', '0.211'), ('0.324', '0.076')]","('0.3012', '0.2348')"
SVM,ngram_notes,5,5,rbf,False,False,"[('0.280', '0.342'), ('0.300', '0.272'), ('0.297', '0.263'), ('0.314', '0.213'), ('0.324', '0.081')]","('0.3030', '0.2342')"
SVM,ngram_notes,5,6,rbf,False,False,"[('0.284', '0.342'), ('0.302', '0.279'), ('0.298', '0.265'), ('0.315', '0.222'), ('0.323', '0.086')]","('0.3044', '0.2388')"
SVM,ngram_notes,5,7,rbf,False,False,"[('0.280', '0.329'), ('0.294', '0.280'), ('0.301', '0.275'), ('0.313', '0.202'), ('0.326', '0.092')]","('0.3028', '0.2356')"
SVM,ngram_notes,5,8,rbf,False,False,"[('0.275', '0.322'), ('0.290', '0.274'), ('0.307', '0.277'), ('0.308', '0.195'), ('0.332', '0.086')]","('0.3024', '0.2308')"
SVM,ngram_notes,6,1,rbf,False,False,"[('0.303', '0.353'), ('0.311', '0.270'), ('0.313', '0.314'), ('0.319', '0.236'), ('0.320', '0.089')]","('0.3132', '0.2524')"
SVM,ngram_notes,6,2,rbf,False,False,"[('0.287', '0.353'), ('0.308', '0.276'), ('0.299', '0.311'), ('0.319', '0.233'), ('0.321', '0.085')]","('0.3068', '0.2516')"
SVM,ngram_notes,6,3,rbf,False,False,"[('0.285', '0.347'), ('0.304', '0.283'), ('0.296', '0.309'), ('0.320', '0.216'), ('0.323', '0.072')]","('0.3056', '0.2454')"
SVM,ngram_notes,6,4,rbf,False,False,"[('0.278', '0.341'), ('0.297', '0.278'), ('0.294', '0.268'), ('0.313', '0.211'), ('0.324', '0.076')]","('0.3012', '0.2348')"
SVM,ngram_notes,6,5,rbf,False,False,"[('0.280', '0.342'), ('0.300', '0.272'), ('0.297', '0.263'), ('0.314', '0.213'), ('0.324', '0.081')]","('0.3030', '0.2342')"
SVM,ngram_notes,6,6,rbf,False,False,"[('0.284', '0.342'), ('0.302', '0.279'), ('0.298', '0.265'), ('0.315', '0.222'), ('0.323', '0.086')]","('0.3044', '0.2388')"
SVM,ngram_notes,6,7,rbf,False,False,"[('0.280', '0.329'), ('0.294', '0.280'), ('0.301', '0.275'), ('0.313', '0.202'), ('0.326', '0.092')]","('0.3028', '0.2356')"
SVM,ngram_notes,6,8,rbf,False,False,"[('0.275', '0.322'), ('0.290', '0.274'), ('0.307', '0.277'), ('0.308', '0.195'), ('0.332', '0.086')]","('0.3024', '0.2308')"
SVM,ngram_notes,7,1,rbf,False,False,"[('0.303', '0.353'), ('0.311', '0.270'), ('0.313', '0.314'), ('0.319', '0.236'), ('0.320', '0.089')]","('0.3132', '0.2524')"
SVM,ngram_notes,7,2,rbf,False,False,"[('0.287', '0.353'), ('0.308', '0.276'), ('0.299', '0.311'), ('0.319', '0.233'), ('0.321', '0.085')]","('0.3068', '0.2516')"
SVM,ngram_notes,7,3,rbf,False,False,"[('0.285', '0.347'), ('0.304', '0.283'), ('0.296', '0.309'), ('0.320', '0.216'), ('0.323', '0.072')]","('0.3056', '0.2454')"
SVM,ngram_notes,7,4,rbf,False,False,"[('0.278', '0.341'), ('0.297', '0.278'), ('0.294', '0.268'), ('0.313', '0.211'), ('0.324', '0.076')]","('0.3012', '0.2348')"
SVM,ngram_notes,7,5,rbf,False,False,"[('0.280', '0.342'), ('0.300', '0.272'), ('0.297', '0.263'), ('0.314', '0.213'), ('0.324', '0.081')]","('0.3030', '0.2342')"
SVM,ngram_notes,7,6,rbf,False,False,"[('0.284', '0.342'), ('0.302', '0.279'), ('0.298', '0.265'), ('0.315', '0.222'), ('0.323', '0.086')]","('0.3044', '0.2388')"
SVM,ngram_notes,7,7,rbf,False,False,"[('0.280', '0.329'), ('0.294', '0.280'), ('0.301', '0.275'), ('0.313', '0.202'), ('0.326', '0.092')]","('0.3028', '0.2356')"
SVM,ngram_notes,7,8,rbf,False,False,"[('0.275', '0.322'), ('0.290', '0.274'), ('0.307', '0.277'), ('0.308', '0.195'), ('0.332', '0.086')]","('0.3024', '0.2308')"
SVM,ngram_notes,8,1,rbf,False,False,"[('0.303', '0.353'), ('0.311', '0.270'), ('0.313', '0.314'), ('0.319', '0.236'), ('0.320', '0.089')]","('0.3132', '0.2524')"
SVM,ngram_notes,8,2,rbf,False,False,"[('0.287', '0.353'), ('0.308', '0.276'), ('0.299', '0.311'), ('0.319', '0.233'), ('0.321', '0.085')]","('0.3068', '0.2516')"
SVM,ngram_notes,8,3,rbf,False,False,"[('0.285', '0.347'), ('0.304', '0.283'), ('0.296', '0.309'), ('0.320', '0.216'), ('0.323', '0.072')]","('0.3056', '0.2454')"
SVM,ngram_notes,8,4,rbf,False,False,"[('0.278', '0.341'), ('0.297', '0.278'), ('0.294', '0.268'), ('0.313', '0.211'), ('0.324', '0.076')]","('0.3012', '0.2348')"
SVM,ngram_notes,8,5,rbf,False,False,"[('0.280', '0.342'), ('0.300', '0.272'), ('0.297', '0.263'), ('0.314', '0.213'), ('0.324', '0.081')]","('0.3030', '0.2342')"
SVM,ngram_notes,8,6,rbf,False,False,"[('0.284', '0.342'), ('0.302', '0.279'), ('0.298', '0.265'), ('0.315', '0.222'), ('0.323', '0.086')]","('0.3044', '0.2388')"
SVM,ngram_notes,8,7,rbf,False,False,"[('0.280', '0.329'), ('0.294', '0.280'), ('0.301', '0.275'), ('0.313', '0.202'), ('0.326', '0.092')]","('0.3028', '0.2356')"
SVM,ngram_notes,8,8,rbf,False,False,"[('0.275', '0.322'), ('0.290', '0.274'), ('0.307', '0.277'), ('0.308', '0.195'), ('0.332', '0.086')]","('0.3024', '0.2308')"
SVM,ngram_notes,1,1,rbf,True,False,"[('0.317', '0.382'), ('0.346', '0.293'), ('0.356', '0.250'), ('0.343', '0.285'), ('0.344', '0.098')]","('0.3412', '0.2616')"
SVM,ngram_notes,1,2,rbf,True,False,"[('0.287', '0.353'), ('0.308', '0.276'), ('0.299', '0.311'), ('0.329', '0.220'), ('0.321', '0.085')]","('0.3088', '0.2490')"
SVM,ngram_notes,1,3,rbf,True,False,"[('0.285', '0.347'), ('0.304', '0.283'), ('0.296', '0.309'), ('0.320', '0.216'), ('0.323', '0.072')]","('0.3056', '0.2454')"
SVM,ngram_notes,1,4,rbf,True,False,"[('0.278', '0.341'), ('0.297', '0.278'), ('0.294', '0.268'), ('0.313', '0.211'), ('0.324', '0.076')]","('0.3012', '0.2348')"
SVM,ngram_notes,1,5,rbf,True,False,"[('0.280', '0.342'), ('0.300', '0.272'), ('0.297', '0.263'), ('0.314', '0.213'), ('0.324', '0.081')]","('0.3030', '0.2342')"
SVM,ngram_notes,1,6,rbf,True,False,"[('0.284', '0.342'), ('0.302', '0.279'), ('0.298', '0.265'), ('0.315', '0.222'), ('0.323', '0.086')]","('0.3044', '0.2388')"
SVM,ngram_notes,1,7,rbf,True,False,"[('0.280', '0.329'), ('0.294', '0.280'), ('0.301', '0.275'), ('0.313', '0.202'), ('0.326', '0.092')]","('0.3028', '0.2356')"
SVM,ngram_notes,1,8,rbf,True,False,"[('0.275', '0.322'), ('0.290', '0.274'), ('0.307', '0.277'), ('0.308', '0.195'), ('0.332', '0.086')]","('0.3024', '0.2308')"
SVM,ngram_notes,2,1,rbf,True,False,"[('0.333', '0.393'), ('0.368', '0.287'), ('0.405', '0.320'), ('0.396', '0.236'), ('0.385', '0.098')]","('0.3774', '0.2668')"
SVM,ngram_notes,2,2,rbf,True,False,"[('0.287', '0.353'), ('0.308', '0.276'), ('0.299', '0.311'), ('0.319', '0.233'), ('0.321', '0.085')]","('0.3068', '0.2516')"
SVM,ngram_notes,2,3,rbf,True,False,"[('0.285', '0.347'), ('0.304', '0.283'), ('0.296', '0.309'), ('0.320', '0.216'), ('0.323', '0.072')]","('0.3056', '0.2454')"
SVM,ngram_notes,2,4,rbf,True,False,"[('0.278', '0.341'), ('0.297', '0.278'), ('0.294', '0.268'), ('0.313', '0.211'), ('0.324', '0.076')]","('0.3012', '0.2348')"
SVM,ngram_notes,2,5,rbf,True,False,"[('0.280', '0.342'), ('0.300', '0.272'), ('0.297', '0.263'), ('0.314', '0.213'), ('0.324', '0.081')]","('0.3030', '0.2342')"
SVM,ngram_notes,2,6,rbf,True,False,"[('0.284', '0.342'), ('0.302', '0.279'), ('0.298', '0.265'), ('0.315', '0.222'), ('0.323', '0.086')]","('0.3044', '0.2388')"
SVM,ngram_notes,2,7,rbf,True,False,"[('0.280', '0.329'), ('0.294', '0.280'), ('0.301', '0.275'), ('0.313', '0.202'), ('0.326', '0.092')]","('0.3028', '0.2356')"
SVM,ngram_notes,2,8,rbf,True,False,"[('0.275', '0.322'), ('0.290', '0.274'), ('0.307', '0.277'), ('0.308', '0.195'), ('0.332', '0.086')]","('0.3024', '0.2308')"
SVM,ngram_notes,3,1,rbf,True,False,"[('0.289', '0.353'), ('0.324', '0.270'), ('0.339', '0.314'), ('0.336', '0.248'), ('0.352', '0.098')]","('0.3280', '0.2566')"
SVM,ngram_notes,3,2,rbf,True,False,"[('0.287', '0.353'), ('0.308', '0.276'), ('0.299', '0.311'), ('0.319', '0.233'), ('0.321', '0.085')]","('0.3068', '0.2516')"
SVM,ngram_notes,3,3,rbf,True,False,"[('0.285', '0.347'), ('0.304', '0.283'), ('0.296', '0.309'), ('0.320', '0.216'), ('0.323', '0.072')]","('0.3056', '0.2454')"
SVM,ngram_notes,3,4,rbf,True,False,"[('0.278', '0.341'), ('0.297', '0.278'), ('0.294', '0.268'), ('0.313', '0.211'), ('0.324', '0.076')]","('0.3012', '0.2348')"
SVM,ngram_notes,3,5,rbf,True,False,"[('0.280', '0.342'), ('0.300', '0.272'), ('0.297', '0.263'), ('0.314', '0.213'), ('0.324', '0.081')]","('0.3030', '0.2342')"
SVM,ngram_notes,3,6,rbf,True,False,"[('0.284', '0.342'), ('0.302', '0.279'), ('0.298', '0.265'), ('0.315', '0.222'), ('0.323', '0.086')]","('0.3044', '0.2388')"
SVM,ngram_notes,3,7,rbf,True,False,"[('0.280', '0.329'), ('0.294', '0.280'), ('0.301', '0.275'), ('0.313', '0.202'), ('0.326', '0.092')]","('0.3028', '0.2356')"
SVM,ngram_notes,3,8,rbf,True,False,"[('0.275', '0.322'), ('0.290', '0.274'), ('0.307', '0.277'), ('0.308', '0.195'), ('0.332', '0.086')]","('0.3024', '0.2308')"
SVM,ngram_notes,4,1,rbf,True,False,"[('0.303', '0.353'), ('0.311', '0.270'), ('0.323', '0.314'), ('0.319', '0.236'), ('0.330', '0.089')]","('0.3172', '0.2524')"
SVM,ngram_notes,4,2,rbf,True,False,"[('0.287', '0.353'), ('0.308', '0.276'), ('0.299', '0.311'), ('0.319', '0.233'), ('0.321', '0.085')]","('0.3068', '0.2516')"
SVM,ngram_notes,4,3,rbf,True,False,"[('0.285', '0.347'), ('0.304', '0.283'), ('0.296', '0.309'), ('0.320', '0.216'), ('0.323', '0.072')]","('0.3056', '0.2454')"
SVM,ngram_notes,4,4,rbf,True,False,"[('0.278', '0.341'), ('0.297', '0.278'), ('0.294', '0.268'), ('0.313', '0.211'), ('0.324', '0.076')]","('0.3012', '0.2348')"
SVM,ngram_notes,4,5,rbf,True,False,"[('0.280', '0.342'), ('0.300', '0.272'), ('0.297', '0.263'), ('0.314', '0.213'), ('0.324', '0.081')]","('0.3030', '0.2342')"
SVM,ngram_notes,4,6,rbf,True,False,"[('0.284', '0.342'), ('0.302', '0.279'), ('0.298', '0.265'), ('0.315', '0.222'), ('0.323', '0.086')]","('0.3044', '0.2388')"
SVM,ngram_notes,4,7,rbf,True,False,"[('0.280', '0.329'), ('0.294', '0.280'), ('0.301', '0.275'), ('0.313', '0.202'), ('0.326', '0.092')]","('0.3028', '0.2356')"
SVM,ngram_notes,4,8,rbf,True,False,"[('0.275', '0.322'), ('0.290', '0.274'), ('0.307', '0.277'), ('0.308', '0.195'), ('0.332', '0.086')]","('0.3024', '0.2308')"
SVM,ngram_notes,5,1,rbf,True,False,"[('0.303', '0.353'), ('0.311', '0.270'), ('0.313', '0.314'), ('0.319', '0.236'), ('0.320', '0.089')]","('0.3132', '0.2524')"
SVM,ngram_notes,5,2,rbf,True,False,"[('0.287', '0.353'), ('0.308', '0.276'), ('0.299', '0.311'), ('0.319', '0.233'), ('0.321', '0.085')]","('0.3068', '0.2516')"
SVM,ngram_notes,5,3,rbf,True,False,"[('0.285', '0.347'), ('0.304', '0.283'), ('0.296', '0.309'), ('0.320', '0.216'), ('0.323', '0.072')]","('0.3056', '0.2454')"
SVM,ngram_notes,5,4,rbf,True,False,"[('0.278', '0.341'), ('0.297', '0.278'), ('0.294', '0.268'), ('0.313', '0.211'), ('0.324', '0.076')]","('0.3012', '0.2348')"
SVM,ngram_notes,5,5,rbf,True,False,"[('0.280', '0.342'), ('0.300', '0.272'), ('0.297', '0.263'), ('0.314', '0.213'), ('0.324', '0.081')]","('0.3030', '0.2342')"
SVM,ngram_notes,5,6,rbf,True,False,"[('0.284', '0.342'), ('0.302', '0.279'), ('0.298', '0.265'), ('0.315', '0.222'), ('0.323', '0.086')]","('0.3044', '0.2388')"
SVM,ngram_notes,5,7,rbf,True,False,"[('0.280', '0.329'), ('0.294', '0.280'), ('0.301', '0.275'), ('0.313', '0.202'), ('0.326', '0.092')]","('0.3028', '0.2356')"
SVM,ngram_notes,5,8,rbf,True,False,"[('0.275', '0.322'), ('0.290', '0.274'), ('0.307', '0.277'), ('0.308', '0.195'), ('0.332', '0.086')]","('0.3024', '0.2308')"
SVM,ngram_notes,6,1,rbf,True,False,"[('0.303', '0.353'), ('0.311', '0.270'), ('0.313', '0.314'), ('0.319', '0.236'), ('0.320', '0.089')]","('0.3132', '0.2524')"
SVM,ngram_notes,6,2,rbf,True,False,"[('0.287', '0.353'), ('0.308', '0.276'), ('0.299', '0.311'), ('0.319', '0.233'), ('0.321', '0.085')]","('0.3068', '0.2516')"
SVM,ngram_notes,6,3,rbf,True,False,"[('0.285', '0.347'), ('0.304', '0.283'), ('0.296', '0.309'), ('0.320', '0.216'), ('0.323', '0.072')]","('0.3056', '0.2454')"
SVM,ngram_notes,6,4,rbf,True,False,"[('0.278', '0.341'), ('0.297', '0.278'), ('0.294', '0.268'), ('0.313', '0.211'), ('0.324', '0.076')]","('0.3012', '0.2348')"
SVM,ngram_notes,6,5,rbf,True,False,"[('0.280', '0.342'), ('0.300', '0.272'), ('0.297', '0.263'), ('0.314', '0.213'), ('0.324', '0.081')]","('0.3030', '0.2342')"
SVM,ngram_notes,6,6,rbf,True,False,"[('0.284', '0.342'), ('0.302', '0.279'), ('0.298', '0.265'), ('0.315', '0.222'), ('0.323', '0.086')]","('0.3044', '0.2388')"
SVM,ngram_notes,6,7,rbf,True,False,"[('0.280', '0.329'), ('0.294', '0.280'), ('0.301', '0.275'), ('0.313', '0.202'), ('0.326', '0.092')]","('0.3028', '0.2356')"
SVM,ngram_notes,6,8,rbf,True,False,"[('0.275', '0.322'), ('0.290', '0.274'), ('0.307', '0.277'), ('0.308', '0.195'), ('0.332', '0.086')]","('0.3024', '0.2308')"
SVM,ngram_notes,7,1,rbf,True,False,"[('0.303', '0.353'), ('0.311', '0.270'), ('0.313', '0.314'), ('0.319', '0.236'), ('0.320', '0.089')]","('0.3132', '0.2524')"
SVM,ngram_notes,7,2,rbf,True,False,"[('0.287', '0.353'), ('0.308', '0.276'), ('0.299', '0.311'), ('0.319', '0.233'), ('0.321', '0.085')]","('0.3068', '0.2516')"
SVM,ngram_notes,7,3,rbf,True,False,"[('0.285', '0.347'), ('0.304', '0.283'), ('0.296', '0.309'), ('0.320', '0.216'), ('0.323', '0.072')]","('0.3056', '0.2454')"
SVM,ngram_notes,7,4,rbf,True,False,"[('0.278', '0.341'), ('0.297', '0.278'), ('0.294', '0.268'), ('0.313', '0.211'), ('0.324', '0.076')]","('0.3012', '0.2348')"
SVM,ngram_notes,7,5,rbf,True,False,"[('0.280', '0.342'), ('0.300', '0.272'), ('0.297', '0.263'), ('0.314', '0.213'), ('0.324', '0.081')]","('0.3030', '0.2342')"
SVM,ngram_notes,7,6,rbf,True,False,"[('0.284', '0.342'), ('0.302', '0.279'), ('0.298', '0.265'), ('0.315', '0.222'), ('0.323', '0.086')]","('0.3044', '0.2388')"
SVM,ngram_notes,7,7,rbf,True,False,"[('0.280', '0.329'), ('0.294', '0.280'), ('0.301', '0.275'), ('0.313', '0.202'), ('0.326', '0.092')]","('0.3028', '0.2356')"
SVM,ngram_notes,7,8,rbf,True,False,"[('0.275', '0.322'), ('0.290', '0.274'), ('0.307', '0.277'), ('0.308', '0.195'), ('0.332', '0.086')]","('0.3024', '0.2308')"
SVM,ngram_notes,8,1,rbf,True,False,"[('0.303', '0.353'), ('0.311', '0.270'), ('0.313', '0.314'), ('0.319', '0.236'), ('0.320', '0.089')]","('0.3132', '0.2524')"
SVM,ngram_notes,8,2,rbf,True,False,"[('0.287', '0.353'), ('0.308', '0.276'), ('0.299', '0.311'), ('0.319', '0.233'), ('0.321', '0.085')]","('0.3068', '0.2516')"
SVM,ngram_notes,8,3,rbf,True,False,"[('0.285', '0.347'), ('0.304', '0.283'), ('0.296', '0.309'), ('0.320', '0.216'), ('0.323', '0.072')]","('0.3056', '0.2454')"
SVM,ngram_notes,8,4,rbf,True,False,"[('0.278', '0.341'), ('0.297', '0.278'), ('0.294', '0.268'), ('0.313', '0.211'), ('0.324', '0.076')]","('0.3012', '0.2348')"
SVM,ngram_notes,8,5,rbf,True,False,"[('0.280', '0.342'), ('0.300', '0.272'), ('0.297', '0.263'), ('0.314', '0.213'), ('0.324', '0.081')]","('0.3030', '0.2342')"
SVM,ngram_notes,8,6,rbf,True,False,"[('0.284', '0.342'), ('0.302', '0.279'), ('0.298', '0.265'), ('0.315', '0.222'), ('0.323', '0.086')]","('0.3044', '0.2388')"
SVM,ngram_notes,8,7,rbf,True,False,"[('0.280', '0.329'), ('0.294', '0.280'), ('0.301', '0.275'), ('0.313', '0.202'), ('0.326', '0.092')]","('0.3028', '0.2356')"
SVM,ngram_notes,8,8,rbf,True,False,"[('0.275', '0.322'), ('0.290', '0.274'), ('0.307', '0.277'), ('0.308', '0.195'), ('0.332', '0.086')]","('0.3024', '0.2308')"
SVM,ngram_notes,1,1,rbf,False,True,"[('0.289', '0.353'), ('0.311', '0.270'), ('0.299', '0.314'), ('0.319', '0.236'), ('0.320', '0.089')]","('0.3076', '0.2524')"
SVM,ngram_notes,1,2,rbf,False,True,"[('0.287', '0.353'), ('0.308', '0.276'), ('0.299', '0.311'), ('0.319', '0.233'), ('0.321', '0.085')]","('0.3068', '0.2516')"
SVM,ngram_notes,1,3,rbf,False,True,"[('0.285', '0.347'), ('0.304', '0.283'), ('0.296', '0.309'), ('0.320', '0.216'), ('0.323', '0.072')]","('0.3056', '0.2454')"
SVM,ngram_notes,1,4,rbf,False,True,"[('0.278', '0.341'), ('0.297', '0.278'), ('0.294', '0.268'), ('0.313', '0.211'), ('0.324', '0.076')]","('0.3012', '0.2348')"
SVM,ngram_notes,1,5,rbf,False,True,"[('0.280', '0.342'), ('0.300', '0.272'), ('0.297', '0.263'), ('0.314', '0.213'), ('0.324', '0.081')]","('0.3030', '0.2342')"
SVM,ngram_notes,1,6,rbf,False,True,"[('0.284', '0.342'), ('0.302', '0.279'), ('0.298', '0.265'), ('0.315', '0.222'), ('0.323', '0.086')]","('0.3044', '0.2388')"
SVM,ngram_notes,1,7,rbf,False,True,"[('0.280', '0.329'), ('0.294', '0.280'), ('0.301', '0.275'), ('0.313', '0.202'), ('0.326', '0.092')]","('0.3028', '0.2356')"
SVM,ngram_notes,1,8,rbf,False,True,"[('0.275', '0.322'), ('0.290', '0.274'), ('0.307', '0.277'), ('0.308', '0.195'), ('0.332', '0.086')]","('0.3024', '0.2308')"
SVM,ngram_notes,2,1,rbf,False,True,"[('0.289', '0.353'), ('0.311', '0.270'), ('0.299', '0.314'), ('0.319', '0.236'), ('0.320', '0.089')]","('0.3076', '0.2524')"
SVM,ngram_notes,2,2,rbf,False,True,"[('0.287', '0.353'), ('0.308', '0.276'), ('0.299', '0.311'), ('0.319', '0.233'), ('0.321', '0.085')]","('0.3068', '0.2516')"
SVM,ngram_notes,2,3,rbf,False,True,"[('0.285', '0.347'), ('0.304', '0.283'), ('0.296', '0.309'), ('0.320', '0.216'), ('0.323', '0.072')]","('0.3056', '0.2454')"
SVM,ngram_notes,2,4,rbf,False,True,"[('0.278', '0.341'), ('0.297', '0.278'), ('0.294', '0.268'), ('0.313', '0.211'), ('0.324', '0.076')]","('0.3012', '0.2348')"
SVM,ngram_notes,2,5,rbf,False,True,"[('0.280', '0.342'), ('0.300', '0.272'), ('0.297', '0.263'), ('0.314', '0.213'), ('0.324', '0.081')]","('0.3030', '0.2342')"
SVM,ngram_notes,2,6,rbf,False,True,"[('0.284', '0.342'), ('0.302', '0.279'), ('0.298', '0.265'), ('0.315', '0.222'), ('0.323', '0.086')]","('0.3044', '0.2388')"
SVM,ngram_notes,2,7,rbf,False,True,"[('0.280', '0.329'), ('0.294', '0.280'), ('0.301', '0.275'), ('0.313', '0.202'), ('0.326', '0.092')]","('0.3028', '0.2356')"
SVM,ngram_notes,2,8,rbf,False,True,"[('0.275', '0.322'), ('0.290', '0.274'), ('0.307', '0.277'), ('0.308', '0.195'), ('0.332', '0.086')]","('0.3024', '0.2308')"
SVM,ngram_notes,3,1,rbf,False,True,"[('0.289', '0.353'), ('0.311', '0.270'), ('0.299', '0.314'), ('0.319', '0.236'), ('0.320', '0.089')]","('0.3076', '0.2524')"
SVM,ngram_notes,3,2,rbf,False,True,"[('0.287', '0.353'), ('0.308', '0.276'), ('0.299', '0.311'), ('0.319', '0.233'), ('0.321', '0.085')]","('0.3068', '0.2516')"
SVM,ngram_notes,3,3,rbf,False,True,"[('0.285', '0.347'), ('0.304', '0.283'), ('0.296', '0.309'), ('0.320', '0.216'), ('0.323', '0.072')]","('0.3056', '0.2454')"
SVM,ngram_notes,3,4,rbf,False,True,"[('0.278', '0.341'), ('0.297', '0.278'), ('0.294', '0.268'), ('0.313', '0.211'), ('0.324', '0.076')]","('0.3012', '0.2348')"
SVM,ngram_notes,3,5,rbf,False,True,"[('0.280', '0.342'), ('0.300', '0.272'), ('0.297', '0.263'), ('0.314', '0.213'), ('0.324', '0.081')]","('0.3030', '0.2342')"
SVM,ngram_notes,3,6,rbf,False,True,"[('0.284', '0.342'), ('0.302', '0.279'), ('0.298', '0.265'), ('0.315', '0.222'), ('0.323', '0.086')]","('0.3044', '0.2388')"
SVM,ngram_notes,3,7,rbf,False,True,"[('0.280', '0.329'), ('0.294', '0.280'), ('0.301', '0.275'), ('0.313', '0.202'), ('0.326', '0.092')]","('0.3028', '0.2356')"
SVM,ngram_notes,3,8,rbf,False,True,"[('0.275', '0.322'), ('0.290', '0.274'), ('0.307', '0.277'), ('0.308', '0.195'), ('0.332', '0.086')]","('0.3024', '0.2308')"
SVM,ngram_notes,4,1,rbf,False,True,"[('0.289', '0.353'), ('0.311', '0.270'), ('0.299', '0.314'), ('0.319', '0.236'), ('0.320', '0.089')]","('0.3076', '0.2524')"
SVM,ngram_notes,4,2,rbf,False,True,"[('0.287', '0.353'), ('0.308', '0.276'), ('0.299', '0.311'), ('0.319', '0.233'), ('0.321', '0.085')]","('0.3068', '0.2516')"
SVM,ngram_notes,4,3,rbf,False,True,"[('0.285', '0.347'), ('0.304', '0.283'), ('0.296', '0.309'), ('0.320', '0.216'), ('0.323', '0.072')]","('0.3056', '0.2454')"
SVM,ngram_notes,4,4,rbf,False,True,"[('0.278', '0.341'), ('0.297', '0.278'), ('0.294', '0.268'), ('0.313', '0.211'), ('0.324', '0.076')]","('0.3012', '0.2348')"
SVM,ngram_notes,4,5,rbf,False,True,"[('0.280', '0.342'), ('0.300', '0.272'), ('0.297', '0.263'), ('0.314', '0.213'), ('0.324', '0.081')]","('0.3030', '0.2342')"
SVM,ngram_notes,4,6,rbf,False,True,"[('0.284', '0.342'), ('0.302', '0.279'), ('0.298', '0.265'), ('0.315', '0.222'), ('0.323', '0.086')]","('0.3044', '0.2388')"
SVM,ngram_notes,4,7,rbf,False,True,"[('0.280', '0.329'), ('0.294', '0.280'), ('0.301', '0.275'), ('0.313', '0.202'), ('0.326', '0.092')]","('0.3028', '0.2356')"
SVM,ngram_notes,4,8,rbf,False,True,"[('0.275', '0.322'), ('0.290', '0.274'), ('0.307', '0.277'), ('0.308', '0.195'), ('0.332', '0.086')]","('0.3024', '0.2308')"
SVM,ngram_notes,5,1,rbf,False,True,"[('0.289', '0.353'), ('0.311', '0.270'), ('0.299', '0.314'), ('0.319', '0.236'), ('0.320', '0.089')]","('0.3076', '0.2524')"
SVM,ngram_notes,5,2,rbf,False,True,"[('0.287', '0.353'), ('0.308', '0.276'), ('0.299', '0.311'), ('0.319', '0.233'), ('0.321', '0.085')]","('0.3068', '0.2516')"
SVM,ngram_notes,5,3,rbf,False,True,"[('0.285', '0.347'), ('0.304', '0.283'), ('0.296', '0.309'), ('0.320', '0.216'), ('0.323', '0.072')]","('0.3056', '0.2454')"
SVM,ngram_notes,5,4,rbf,False,True,"[('0.278', '0.341'), ('0.297', '0.278'), ('0.294', '0.268'), ('0.313', '0.211'), ('0.324', '0.076')]","('0.3012', '0.2348')"
SVM,ngram_notes,5,5,rbf,False,True,"[('0.280', '0.342'), ('0.300', '0.272'), ('0.297', '0.263'), ('0.314', '0.213'), ('0.324', '0.081')]","('0.3030', '0.2342')"
SVM,ngram_notes,5,6,rbf,False,True,"[('0.284', '0.342'), ('0.302', '0.279'), ('0.298', '0.265'), ('0.315', '0.222'), ('0.323', '0.086')]","('0.3044', '0.2388')"
SVM,ngram_notes,5,7,rbf,False,True,"[('0.280', '0.329'), ('0.294', '0.280'), ('0.301', '0.275'), ('0.313', '0.202'), ('0.326', '0.092')]","('0.3028', '0.2356')"
SVM,ngram_notes,5,8,rbf,False,True,"[('0.275', '0.322'), ('0.290', '0.274'), ('0.307', '0.277'), ('0.308', '0.195'), ('0.332', '0.086')]","('0.3024', '0.2308')"
SVM,ngram_notes,6,1,rbf,False,True,"[('0.289', '0.353'), ('0.311', '0.270'), ('0.299', '0.314'), ('0.319', '0.236'), ('0.320', '0.089')]","('0.3076', '0.2524')"
SVM,ngram_notes,6,2,rbf,False,True,"[('0.287', '0.353'), ('0.308', '0.276'), ('0.299', '0.311'), ('0.319', '0.233'), ('0.321', '0.085')]","('0.3068', '0.2516')"
SVM,ngram_notes,6,3,rbf,False,True,"[('0.285', '0.347'), ('0.304', '0.283'), ('0.296', '0.309'), ('0.320', '0.216'), ('0.323', '0.072')]","('0.3056', '0.2454')"
SVM,ngram_notes,6,4,rbf,False,True,"[('0.278', '0.341'), ('0.297', '0.278'), ('0.294', '0.268'), ('0.313', '0.211'), ('0.324', '0.076')]","('0.3012', '0.2348')"
SVM,ngram_notes,6,5,rbf,False,True,"[('0.280', '0.342'), ('0.300', '0.272'), ('0.297', '0.263'), ('0.314', '0.213'), ('0.324', '0.081')]","('0.3030', '0.2342')"
SVM,ngram_notes,6,6,rbf,False,True,"[('0.284', '0.342'), ('0.302', '0.279'), ('0.298', '0.265'), ('0.315', '0.222'), ('0.323', '0.086')]","('0.3044', '0.2388')"
SVM,ngram_notes,6,7,rbf,False,True,"[('0.280', '0.329'), ('0.294', '0.280'), ('0.301', '0.275'), ('0.313', '0.202'), ('0.326', '0.092')]","('0.3028', '0.2356')"
SVM,ngram_notes,6,8,rbf,False,True,"[('0.275', '0.322'), ('0.290', '0.274'), ('0.307', '0.277'), ('0.308', '0.195'), ('0.332', '0.086')]","('0.3024', '0.2308')"
SVM,ngram_notes,7,1,rbf,False,True,"[('0.289', '0.353'), ('0.311', '0.270'), ('0.299', '0.314'), ('0.319', '0.236'), ('0.320', '0.089')]","('0.3076', '0.2524')"
SVM,ngram_notes,7,2,rbf,False,True,"[('0.287', '0.353'), ('0.308', '0.276'), ('0.299', '0.311'), ('0.319', '0.233'), ('0.321', '0.085')]","('0.3068', '0.2516')"
SVM,ngram_notes,7,3,rbf,False,True,"[('0.285', '0.347'), ('0.304', '0.283'), ('0.296', '0.309'), ('0.320', '0.216'), ('0.323', '0.072')]","('0.3056', '0.2454')"
SVM,ngram_notes,7,4,rbf,False,True,"[('0.278', '0.341'), ('0.297', '0.278'), ('0.294', '0.268'), ('0.313', '0.211'), ('0.324', '0.076')]","('0.3012', '0.2348')"
SVM,ngram_notes,7,5,rbf,False,True,"[('0.280', '0.342'), ('0.300', '0.272'), ('0.297', '0.263'), ('0.314', '0.213'), ('0.324', '0.081')]","('0.3030', '0.2342')"
SVM,ngram_notes,7,6,rbf,False,True,"[('0.284', '0.342'), ('0.302', '0.279'), ('0.298', '0.265'), ('0.315', '0.222'), ('0.323', '0.086')]","('0.3044', '0.2388')"
SVM,ngram_notes,7,7,rbf,False,True,"[('0.280', '0.329'), ('0.294', '0.280'), ('0.301', '0.275'), ('0.313', '0.202'), ('0.326', '0.092')]","('0.3028', '0.2356')"
SVM,ngram_notes,7,8,rbf,False,True,"[('0.275', '0.322'), ('0.290', '0.274'), ('0.307', '0.277'), ('0.308', '0.195'), ('0.332', '0.086')]","('0.3024', '0.2308')"
SVM,ngram_notes,8,1,rbf,False,True,"[('0.289', '0.353'), ('0.311', '0.270'), ('0.299', '0.314'), ('0.319', '0.236'), ('0.320', '0.089')]","('0.3076', '0.2524')"
SVM,ngram_notes,8,2,rbf,False,True,"[('0.287', '0.353'), ('0.308', '0.276'), ('0.299', '0.311'), ('0.319', '0.233'), ('0.321', '0.085')]","('0.3068', '0.2516')"
SVM,ngram_notes,8,3,rbf,False,True,"[('0.285', '0.347'), ('0.304', '0.283'), ('0.296', '0.309'), ('0.320', '0.216'), ('0.323', '0.072')]","('0.3056', '0.2454')"
SVM,ngram_notes,8,4,rbf,False,True,"[('0.278', '0.341'), ('0.297', '0.278'), ('0.294', '0.268'), ('0.313', '0.211'), ('0.324', '0.076')]","('0.3012', '0.2348')"
SVM,ngram_notes,8,5,rbf,False,True,"[('0.280', '0.342'), ('0.300', '0.272'), ('0.297', '0.263'), ('0.314', '0.213'), ('0.324', '0.081')]","('0.3030', '0.2342')"
SVM,ngram_notes,8,6,rbf,False,True,"[('0.284', '0.342'), ('0.302', '0.279'), ('0.298', '0.265'), ('0.315', '0.222'), ('0.323', '0.086')]","('0.3044', '0.2388')"
SVM,ngram_notes,8,7,rbf,False,True,"[('0.280', '0.329'), ('0.294', '0.280'), ('0.301', '0.275'), ('0.313', '0.202'), ('0.326', '0.092')]","('0.3028', '0.2356')"
SVM,ngram_notes,8,8,rbf,False,True,"[('0.275', '0.322'), ('0.290', '0.274'), ('0.307', '0.277'), ('0.308', '0.195'), ('0.332', '0.086')]","('0.3024', '0.2308')"
SVM,ngram_notes,1,1,rbf,True,True,"[('0.289', '0.353'), ('0.311', '0.270'), ('0.299', '0.314'), ('0.319', '0.236'), ('0.320', '0.089')]","('0.3076', '0.2524')"
SVM,ngram_notes,1,2,rbf,True,True,"[('0.287', '0.353'), ('0.308', '0.276'), ('0.299', '0.311'), ('0.319', '0.233'), ('0.321', '0.085')]","('0.3068', '0.2516')"
SVM,ngram_notes,1,3,rbf,True,True,"[('0.285', '0.347'), ('0.304', '0.283'), ('0.296', '0.309'), ('0.320', '0.216'), ('0.323', '0.072')]","('0.3056', '0.2454')"
SVM,ngram_notes,1,4,rbf,True,True,"[('0.278', '0.341'), ('0.297', '0.278'), ('0.294', '0.268'), ('0.313', '0.211'), ('0.324', '0.076')]","('0.3012', '0.2348')"
SVM,ngram_notes,1,5,rbf,True,True,"[('0.280', '0.342'), ('0.300', '0.272'), ('0.297', '0.263'), ('0.314', '0.213'), ('0.324', '0.081')]","('0.3030', '0.2342')"
SVM,ngram_notes,1,6,rbf,True,True,"[('0.284', '0.342'), ('0.302', '0.279'), ('0.298', '0.265'), ('0.315', '0.222'), ('0.323', '0.086')]","('0.3044', '0.2388')"
SVM,ngram_notes,1,7,rbf,True,True,"[('0.280', '0.329'), ('0.294', '0.280'), ('0.301', '0.275'), ('0.313', '0.202'), ('0.326', '0.092')]","('0.3028', '0.2356')"
SVM,ngram_notes,1,8,rbf,True,True,"[('0.275', '0.322'), ('0.290', '0.274'), ('0.307', '0.277'), ('0.308', '0.195'), ('0.332', '0.086')]","('0.3024', '0.2308')"
SVM,ngram_notes,2,1,rbf,True,True,"[('0.289', '0.353'), ('0.311', '0.270'), ('0.299', '0.314'), ('0.319', '0.236'), ('0.320', '0.089')]","('0.3076', '0.2524')"
SVM,ngram_notes,2,2,rbf,True,True,"[('0.287', '0.353'), ('0.308', '0.276'), ('0.299', '0.311'), ('0.319', '0.233'), ('0.321', '0.085')]","('0.3068', '0.2516')"
SVM,ngram_notes,2,3,rbf,True,True,"[('0.285', '0.347'), ('0.304', '0.283'), ('0.296', '0.309'), ('0.320', '0.216'), ('0.323', '0.072')]","('0.3056', '0.2454')"
SVM,ngram_notes,2,4,rbf,True,True,"[('0.278', '0.341'), ('0.297', '0.278'), ('0.294', '0.268'), ('0.313', '0.211'), ('0.324', '0.076')]","('0.3012', '0.2348')"
SVM,ngram_notes,2,5,rbf,True,True,"[('0.280', '0.342'), ('0.300', '0.272'), ('0.297', '0.263'), ('0.314', '0.213'), ('0.324', '0.081')]","('0.3030', '0.2342')"
SVM,ngram_notes,2,6,rbf,True,True,"[('0.284', '0.342'), ('0.302', '0.279'), ('0.298', '0.265'), ('0.315', '0.222'), ('0.323', '0.086')]","('0.3044', '0.2388')"
SVM,ngram_notes,2,7,rbf,True,True,"[('0.280', '0.329'), ('0.294', '0.280'), ('0.301', '0.275'), ('0.313', '0.202'), ('0.326', '0.092')]","('0.3028', '0.2356')"
SVM,ngram_notes,2,8,rbf,True,True,"[('0.275', '0.322'), ('0.290', '0.274'), ('0.307', '0.277'), ('0.308', '0.195'), ('0.332', '0.086')]","('0.3024', '0.2308')"
SVM,ngram_notes,3,1,rbf,True,True,"[('0.289', '0.353'), ('0.311', '0.270'), ('0.299', '0.314'), ('0.319', '0.236'), ('0.320', '0.089')]","('0.3076', '0.2524')"
SVM,ngram_notes,3,2,rbf,True,True,"[('0.287', '0.353'), ('0.308', '0.276'), ('0.299', '0.311'), ('0.319', '0.233'), ('0.321', '0.085')]","('0.3068', '0.2516')"
SVM,ngram_notes,3,3,rbf,True,True,"[('0.285', '0.347'), ('0.304', '0.283'), ('0.296', '0.309'), ('0.320', '0.216'), ('0.323', '0.072')]","('0.3056', '0.2454')"
SVM,ngram_notes,3,4,rbf,True,True,"[('0.278', '0.341'), ('0.297', '0.278'), ('0.294', '0.268'), ('0.313', '0.211'), ('0.324', '0.076')]","('0.3012', '0.2348')"
SVM,ngram_notes,3,5,rbf,True,True,"[('0.280', '0.342'), ('0.300', '0.272'), ('0.297', '0.263'), ('0.314', '0.213'), ('0.324', '0.081')]","('0.3030', '0.2342')"
SVM,ngram_notes,3,6,rbf,True,True,"[('0.284', '0.342'), ('0.302', '0.279'), ('0.298', '0.265'), ('0.315', '0.222'), ('0.323', '0.086')]","('0.3044', '0.2388')"
SVM,ngram_notes,3,7,rbf,True,True,"[('0.280', '0.329'), ('0.294', '0.280'), ('0.301', '0.275'), ('0.313', '0.202'), ('0.326', '0.092')]","('0.3028', '0.2356')"
SVM,ngram_notes,3,8,rbf,True,True,"[('0.275', '0.322'), ('0.290', '0.274'), ('0.307', '0.277'), ('0.308', '0.195'), ('0.332', '0.086')]","('0.3024', '0.2308')"
SVM,ngram_notes,4,1,rbf,True,True,"[('0.289', '0.353'), ('0.311', '0.270'), ('0.299', '0.314'), ('0.319', '0.236'), ('0.320', '0.089')]","('0.3076', '0.2524')"
SVM,ngram_notes,4,2,rbf,True,True,"[('0.287', '0.353'), ('0.308', '0.276'), ('0.299', '0.311'), ('0.319', '0.233'), ('0.321', '0.085')]","('0.3068', '0.2516')"
SVM,ngram_notes,4,3,rbf,True,True,"[('0.285', '0.347'), ('0.304', '0.283'), ('0.296', '0.309'), ('0.320', '0.216'), ('0.323', '0.072')]","('0.3056', '0.2454')"
SVM,ngram_notes,4,4,rbf,True,True,"[('0.278', '0.341'), ('0.297', '0.278'), ('0.294', '0.268'), ('0.313', '0.211'), ('0.324', '0.076')]","('0.3012', '0.2348')"
SVM,ngram_notes,4,5,rbf,True,True,"[('0.280', '0.342'), ('0.300', '0.272'), ('0.297', '0.263'), ('0.314', '0.213'), ('0.324', '0.081')]","('0.3030', '0.2342')"
SVM,ngram_notes,4,6,rbf,True,True,"[('0.284', '0.342'), ('0.302', '0.279'), ('0.298', '0.265'), ('0.315', '0.222'), ('0.323', '0.086')]","('0.3044', '0.2388')"
SVM,ngram_notes,4,7,rbf,True,True,"[('0.280', '0.329'), ('0.294', '0.280'), ('0.301', '0.275'), ('0.313', '0.202'), ('0.326', '0.092')]","('0.3028', '0.2356')"
SVM,ngram_notes,4,8,rbf,True,True,"[('0.275', '0.322'), ('0.290', '0.274'), ('0.307', '0.277'), ('0.308', '0.195'), ('0.332', '0.086')]","('0.3024', '0.2308')"
SVM,ngram_notes,5,1,rbf,True,True,"[('0.289', '0.353'), ('0.311', '0.270'), ('0.299', '0.314'), ('0.319', '0.236'), ('0.320', '0.089')]","('0.3076', '0.2524')"
SVM,ngram_notes,5,2,rbf,True,True,"[('0.287', '0.353'), ('0.308', '0.276'), ('0.299', '0.311'), ('0.319', '0.233'), ('0.321', '0.085')]","('0.3068', '0.2516')"
SVM,ngram_notes,5,3,rbf,True,True,"[('0.285', '0.347'), ('0.304', '0.283'), ('0.296', '0.309'), ('0.320', '0.216'), ('0.323', '0.072')]","('0.3056', '0.2454')"
SVM,ngram_notes,5,4,rbf,True,True,"[('0.278', '0.341'), ('0.297', '0.278'), ('0.294', '0.268'), ('0.313', '0.211'), ('0.324', '0.076')]","('0.3012', '0.2348')"
SVM,ngram_notes,5,5,rbf,True,True,"[('0.280', '0.342'), ('0.300', '0.272'), ('0.297', '0.263'), ('0.314', '0.213'), ('0.324', '0.081')]","('0.3030', '0.2342')"
SVM,ngram_notes,5,6,rbf,True,True,"[('0.284', '0.342'), ('0.302', '0.279'), ('0.298', '0.265'), ('0.315', '0.222'), ('0.323', '0.086')]","('0.3044', '0.2388')"
SVM,ngram_notes,5,7,rbf,True,True,"[('0.280', '0.329'), ('0.294', '0.280'), ('0.301', '0.275'), ('0.313', '0.202'), ('0.326', '0.092')]","('0.3028', '0.2356')"
SVM,ngram_notes,5,8,rbf,True,True,"[('0.275', '0.322'), ('0.290', '0.274'), ('0.307', '0.277'), ('0.308', '0.195'), ('0.332', '0.086')]","('0.3024', '0.2308')"
SVM,ngram_notes,6,1,rbf,True,True,"[('0.289', '0.353'), ('0.311', '0.270'), ('0.299', '0.314'), ('0.319', '0.236'), ('0.320', '0.089')]","('0.3076', '0.2524')"
SVM,ngram_notes,6,2,rbf,True,True,"[('0.287', '0.353'), ('0.308', '0.276'), ('0.299', '0.311'), ('0.319', '0.233'), ('0.321', '0.085')]","('0.3068', '0.2516')"
SVM,ngram_notes,6,3,rbf,True,True,"[('0.285', '0.347'), ('0.304', '0.283'), ('0.296', '0.309'), ('0.320', '0.216'), ('0.323', '0.072')]","('0.3056', '0.2454')"
SVM,ngram_notes,6,4,rbf,True,True,"[('0.278', '0.341'), ('0.297', '0.278'), ('0.294', '0.268'), ('0.313', '0.211'), ('0.324', '0.076')]","('0.3012', '0.2348')"
SVM,ngram_notes,6,5,rbf,True,True,"[('0.280', '0.342'), ('0.300', '0.272'), ('0.297', '0.263'), ('0.314', '0.213'), ('0.324', '0.081')]","('0.3030', '0.2342')"
SVM,ngram_notes,6,6,rbf,True,True,"[('0.284', '0.342'), ('0.302', '0.279'), ('0.298', '0.265'), ('0.315', '0.222'), ('0.323', '0.086')]","('0.3044', '0.2388')"
SVM,ngram_notes,6,7,rbf,True,True,"[('0.280', '0.329'), ('0.294', '0.280'), ('0.301', '0.275'), ('0.313', '0.202'), ('0.326', '0.092')]","('0.3028', '0.2356')"
SVM,ngram_notes,6,8,rbf,True,True,"[('0.275', '0.322'), ('0.290', '0.274'), ('0.307', '0.277'), ('0.308', '0.195'), ('0.332', '0.086')]","('0.3024', '0.2308')"
SVM,ngram_notes,7,1,rbf,True,True,"[('0.289', '0.353'), ('0.311', '0.270'), ('0.299', '0.314'), ('0.319', '0.236'), ('0.320', '0.089')]","('0.3076', '0.2524')"
SVM,ngram_notes,7,2,rbf,True,True,"[('0.287', '0.353'), ('0.308', '0.276'), ('0.299', '0.311'), ('0.319', '0.233'), ('0.321', '0.085')]","('0.3068', '0.2516')"
SVM,ngram_notes,7,3,rbf,True,True,"[('0.285', '0.347'), ('0.304', '0.283'), ('0.296', '0.309'), ('0.320', '0.216'), ('0.323', '0.072')]","('0.3056', '0.2454')"
SVM,ngram_notes,7,4,rbf,True,True,"[('0.278', '0.341'), ('0.297', '0.278'), ('0.294', '0.268'), ('0.313', '0.211'), ('0.324', '0.076')]","('0.3012', '0.2348')"
SVM,ngram_notes,7,5,rbf,True,True,"[('0.280', '0.342'), ('0.300', '0.272'), ('0.297', '0.263'), ('0.314', '0.213'), ('0.324', '0.081')]","('0.3030', '0.2342')"
SVM,ngram_notes,7,6,rbf,True,True,"[('0.284', '0.342'), ('0.302', '0.279'), ('0.298', '0.265'), ('0.315', '0.222'), ('0.323', '0.086')]","('0.3044', '0.2388')"
SVM,ngram_notes,7,7,rbf,True,True,"[('0.280', '0.329'), ('0.294', '0.280'), ('0.301', '0.275'), ('0.313', '0.202'), ('0.326', '0.092')]","('0.3028', '0.2356')"
SVM,ngram_notes,7,8,rbf,True,True,"[('0.275', '0.322'), ('0.290', '0.274'), ('0.307', '0.277'), ('0.308', '0.195'), ('0.332', '0.086')]","('0.3024', '0.2308')"
SVM,ngram_notes,8,1,rbf,True,True,"[('0.289', '0.353'), ('0.311', '0.270'), ('0.299', '0.314'), ('0.319', '0.236'), ('0.320', '0.089')]","('0.3076', '0.2524')"
SVM,ngram_notes,8,2,rbf,True,True,"[('0.287', '0.353'), ('0.308', '0.276'), ('0.299', '0.311'), ('0.319', '0.233'), ('0.321', '0.085')]","('0.3068', '0.2516')"
SVM,ngram_notes,8,3,rbf,True,True,"[('0.285', '0.347'), ('0.304', '0.283'), ('0.296', '0.309'), ('0.320', '0.216'), ('0.323', '0.072')]","('0.3056', '0.2454')"
SVM,ngram_notes,8,4,rbf,True,True,"[('0.278', '0.341'), ('0.297', '0.278'), ('0.294', '0.268'), ('0.313', '0.211'), ('0.324', '0.076')]","('0.3012', '0.2348')"
SVM,ngram_notes,8,5,rbf,True,True,"[('0.280', '0.342'), ('0.300', '0.272'), ('0.297', '0.263'), ('0.314', '0.213'), ('0.324', '0.081')]","('0.3030', '0.2342')"
SVM,ngram_notes,8,6,rbf,True,True,"[('0.284', '0.342'), ('0.302', '0.279'), ('0.298', '0.265'), ('0.315', '0.222'), ('0.323', '0.086')]","('0.3044', '0.2388')"
SVM,ngram_notes,8,7,rbf,True,True,"[('0.280', '0.329'), ('0.294', '0.280'), ('0.301', '0.275'), ('0.313', '0.202'), ('0.326', '0.092')]","('0.3028', '0.2356')"
SVM,ngram_notes,8,8,rbf,True,True,"[('0.275', '0.322'), ('0.290', '0.274'), ('0.307', '0.277'), ('0.308', '0.195'), ('0.332', '0.086')]","('0.3024', '0.2308')"
