SVM,ngram_notes,1,1,rbf,False,False,"[('0.524', '0.815'), ('0.556', '0.667'), ('0.638', '0.091'), ('0.576', '0.500'), ('0.574', '0.500'), ('0.568', '0.583'), ('0.548', '0.765'), ('0.576', '0.500'), ('0.572', '0.533'), ('0.568', '0.583')]","('0.5700', '0.5537')"
SVM,ngram_notes,1,2,rbf,False,False,"[('0.406', '0.654'), ('0.432', '0.550'), ('0.500', '0.095'), ('0.444', '0.467'), ('0.466', '0.182'), ('0.453', '0.364'), ('0.431', '0.600'), ('0.448', '0.429'), ('0.452', '0.385'), ('0.443', '0.500')]","('0.4475', '0.4226')"
SVM,ngram_notes,1,3,rbf,False,False,"[('0.403', '0.640'), ('0.432', '0.526'), ('0.500', '0.100'), ('0.438', '0.500'), ('0.463', '0.200'), ('0.455', '0.300'), ('0.427', '0.615'), ('0.439', '0.500'), ('0.451', '0.364'), ('0.441', '0.500')]","('0.4449', '0.4245')"
SVM,ngram_notes,1,4,rbf,False,False,"[('0.381', '0.625'), ('0.414', '0.500'), ('0.482', '0.105'), ('0.422', '0.462'), ('0.442', '0.222'), ('0.433', '0.333'), ('0.415', '0.545'), ('0.429', '0.400'), ('0.433', '0.333'), ('0.415', '0.667')]","('0.4266', '0.4192')"
SVM,ngram_notes,1,5,rbf,False,False,"[('0.374', '0.652'), ('0.423', '0.471'), ('0.490', '0.111'), ('0.431', '0.417'), ('0.443', '0.250'), ('0.434', '0.375'), ('0.410', '0.667'), ('0.425', '0.500'), ('0.439', '0.286'), ('0.427', '0.500')]","('0.4296', '0.4229')"
SVM,ngram_notes,1,6,rbf,False,False,"[('0.346', '0.636'), ('0.393', '0.500'), ('0.470', '0.118'), ('0.416', '0.364'), ('0.419', '0.286'), ('0.419', '0.286'), ('0.398', '0.571'), ('0.415', '0.333'), ('0.421', '0.200'), ('0.398', '1.000')]","('0.4095', '0.4294')"
SVM,ngram_notes,1,7,rbf,False,False,"[('0.369', '0.238'), ('0.352', '0.467'), ('0.429', '0.125'), ('0.368', '0.400'), ('0.388', '0.167'), ('0.375', '0.333'), ('0.370', '0.400'), ('0.378', '0.250'), ('0.386', '0.000'), ('0.372', '0.000')]","('0.3787', '0.2380')"
SVM,ngram_notes,1,8,rbf,False,False,"[('0.315', '0.600'), ('0.367', '0.500'), ('0.458', '0.133'), ('0.385', '0.444'), ('0.406', '0.200'), ('0.391', '0.400'), ('0.394', '0.333'), ('0.403', '0.000'), ('0.397', '0.000'), ('0.392', '0.000')]","('0.3908', '0.2610')"
SVM,ngram_notes,2,1,rbf,False,False,"[('0.456', '0.667'), ('0.477', '0.571'), ('0.605', '0.091'), ('0.487', '0.500'), ('0.506', '0.250'), ('0.494', '0.417'), ('0.471', '0.647'), ('0.544', '0.500'), ('0.491', '0.467'), ('0.537', '0.583')]","('0.5068', '0.4693')"
SVM,ngram_notes,2,2,rbf,False,False,"[('0.406', '0.654'), ('0.432', '0.550'), ('0.500', '0.095'), ('0.444', '0.467'), ('0.466', '0.182'), ('0.453', '0.364'), ('0.431', '0.600'), ('0.448', '0.429'), ('0.452', '0.385'), ('0.443', '0.500')]","('0.4475', '0.4226')"
SVM,ngram_notes,2,3,rbf,False,False,"[('0.403', '0.640'), ('0.432', '0.526'), ('0.500', '0.100'), ('0.438', '0.500'), ('0.463', '0.200'), ('0.455', '0.300'), ('0.427', '0.615'), ('0.439', '0.500'), ('0.451', '0.364'), ('0.441', '0.500')]","('0.4449', '0.4245')"
SVM,ngram_notes,2,4,rbf,False,False,"[('0.381', '0.625'), ('0.414', '0.500'), ('0.482', '0.105'), ('0.422', '0.462'), ('0.442', '0.222'), ('0.433', '0.333'), ('0.415', '0.545'), ('0.429', '0.400'), ('0.433', '0.333'), ('0.415', '0.667')]","('0.4266', '0.4192')"
SVM,ngram_notes,2,5,rbf,False,False,"[('0.374', '0.652'), ('0.423', '0.471'), ('0.490', '0.111'), ('0.431', '0.417'), ('0.443', '0.250'), ('0.434', '0.375'), ('0.410', '0.667'), ('0.425', '0.500'), ('0.439', '0.286'), ('0.427', '0.500')]","('0.4296', '0.4229')"
SVM,ngram_notes,2,6,rbf,False,False,"[('0.346', '0.636'), ('0.393', '0.500'), ('0.470', '0.118'), ('0.416', '0.364'), ('0.419', '0.286'), ('0.419', '0.286'), ('0.398', '0.571'), ('0.415', '0.333'), ('0.421', '0.200'), ('0.398', '1.000')]","('0.4095', '0.4294')"
SVM,ngram_notes,2,7,rbf,False,False,"[('0.369', '0.238'), ('0.352', '0.467'), ('0.429', '0.125'), ('0.368', '0.400'), ('0.388', '0.167'), ('0.375', '0.333'), ('0.370', '0.400'), ('0.378', '0.250'), ('0.386', '0.000'), ('0.372', '0.000')]","('0.3787', '0.2380')"
SVM,ngram_notes,2,8,rbf,False,False,"[('0.315', '0.600'), ('0.367', '0.500'), ('0.458', '0.133'), ('0.385', '0.444'), ('0.406', '0.200'), ('0.391', '0.400'), ('0.394', '0.333'), ('0.403', '0.000'), ('0.397', '0.000'), ('0.392', '0.000')]","('0.3908', '0.2610')"
SVM,ngram_notes,3,1,rbf,False,False,"[('0.456', '0.667'), ('0.477', '0.571'), ('0.546', '0.091'), ('0.487', '0.500'), ('0.506', '0.250'), ('0.494', '0.417'), ('0.471', '0.647'), ('0.487', '0.500'), ('0.491', '0.467'), ('0.481', '0.583')]","('0.4896', '0.4693')"
SVM,ngram_notes,3,2,rbf,False,False,"[('0.406', '0.654'), ('0.432', '0.550'), ('0.500', '0.095'), ('0.444', '0.467'), ('0.466', '0.182'), ('0.453', '0.364'), ('0.431', '0.600'), ('0.448', '0.429'), ('0.452', '0.385'), ('0.443', '0.500')]","('0.4475', '0.4226')"
SVM,ngram_notes,3,3,rbf,False,False,"[('0.403', '0.640'), ('0.432', '0.526'), ('0.500', '0.100'), ('0.438', '0.500'), ('0.463', '0.200'), ('0.455', '0.300'), ('0.427', '0.615'), ('0.439', '0.500'), ('0.451', '0.364'), ('0.441', '0.500')]","('0.4449', '0.4245')"
SVM,ngram_notes,3,4,rbf,False,False,"[('0.381', '0.625'), ('0.414', '0.500'), ('0.482', '0.105'), ('0.422', '0.462'), ('0.442', '0.222'), ('0.433', '0.333'), ('0.415', '0.545'), ('0.429', '0.400'), ('0.433', '0.333'), ('0.415', '0.667')]","('0.4266', '0.4192')"
SVM,ngram_notes,3,5,rbf,False,False,"[('0.374', '0.652'), ('0.423', '0.471'), ('0.490', '0.111'), ('0.431', '0.417'), ('0.443', '0.250'), ('0.434', '0.375'), ('0.410', '0.667'), ('0.425', '0.500'), ('0.439', '0.286'), ('0.427', '0.500')]","('0.4296', '0.4229')"
SVM,ngram_notes,3,6,rbf,False,False,"[('0.346', '0.636'), ('0.393', '0.500'), ('0.470', '0.118'), ('0.416', '0.364'), ('0.419', '0.286'), ('0.419', '0.286'), ('0.398', '0.571'), ('0.415', '0.333'), ('0.421', '0.200'), ('0.398', '1.000')]","('0.4095', '0.4294')"
SVM,ngram_notes,3,7,rbf,False,False,"[('0.369', '0.238'), ('0.352', '0.467'), ('0.429', '0.125'), ('0.368', '0.400'), ('0.388', '0.167'), ('0.375', '0.333'), ('0.370', '0.400'), ('0.378', '0.250'), ('0.386', '0.000'), ('0.372', '0.000')]","('0.3787', '0.2380')"
SVM,ngram_notes,3,8,rbf,False,False,"[('0.315', '0.600'), ('0.367', '0.500'), ('0.458', '0.133'), ('0.385', '0.444'), ('0.406', '0.200'), ('0.391', '0.400'), ('0.394', '0.333'), ('0.403', '0.000'), ('0.397', '0.000'), ('0.392', '0.000')]","('0.3908', '0.2610')"
SVM,ngram_notes,4,1,rbf,False,False,"[('0.456', '0.667'), ('0.477', '0.571'), ('0.546', '0.091'), ('0.487', '0.500'), ('0.506', '0.250'), ('0.494', '0.417'), ('0.471', '0.647'), ('0.487', '0.500'), ('0.491', '0.467'), ('0.481', '0.583')]","('0.4896', '0.4693')"
SVM,ngram_notes,4,2,rbf,False,False,"[('0.406', '0.654'), ('0.432', '0.550'), ('0.500', '0.095'), ('0.444', '0.467'), ('0.466', '0.182'), ('0.453', '0.364'), ('0.431', '0.600'), ('0.448', '0.429'), ('0.452', '0.385'), ('0.443', '0.500')]","('0.4475', '0.4226')"
SVM,ngram_notes,4,3,rbf,False,False,"[('0.403', '0.640'), ('0.432', '0.526'), ('0.500', '0.100'), ('0.438', '0.500'), ('0.463', '0.200'), ('0.455', '0.300'), ('0.427', '0.615'), ('0.439', '0.500'), ('0.451', '0.364'), ('0.441', '0.500')]","('0.4449', '0.4245')"
SVM,ngram_notes,4,4,rbf,False,False,"[('0.381', '0.625'), ('0.414', '0.500'), ('0.482', '0.105'), ('0.422', '0.462'), ('0.442', '0.222'), ('0.433', '0.333'), ('0.415', '0.545'), ('0.429', '0.400'), ('0.433', '0.333'), ('0.415', '0.667')]","('0.4266', '0.4192')"
SVM,ngram_notes,4,5,rbf,False,False,"[('0.374', '0.652'), ('0.423', '0.471'), ('0.490', '0.111'), ('0.431', '0.417'), ('0.443', '0.250'), ('0.434', '0.375'), ('0.410', '0.667'), ('0.425', '0.500'), ('0.439', '0.286'), ('0.427', '0.500')]","('0.4296', '0.4229')"
SVM,ngram_notes,4,6,rbf,False,False,"[('0.346', '0.636'), ('0.393', '0.500'), ('0.470', '0.118'), ('0.416', '0.364'), ('0.419', '0.286'), ('0.419', '0.286'), ('0.398', '0.571'), ('0.415', '0.333'), ('0.421', '0.200'), ('0.398', '1.000')]","('0.4095', '0.4294')"
SVM,ngram_notes,4,7,rbf,False,False,"[('0.369', '0.238'), ('0.352', '0.467'), ('0.429', '0.125'), ('0.368', '0.400'), ('0.388', '0.167'), ('0.375', '0.333'), ('0.370', '0.400'), ('0.378', '0.250'), ('0.386', '0.000'), ('0.372', '0.000')]","('0.3787', '0.2380')"
SVM,ngram_notes,4,8,rbf,False,False,"[('0.315', '0.600'), ('0.367', '0.500'), ('0.458', '0.133'), ('0.385', '0.444'), ('0.406', '0.200'), ('0.391', '0.400'), ('0.394', '0.333'), ('0.403', '0.000'), ('0.397', '0.000'), ('0.392', '0.000')]","('0.3908', '0.2610')"
SVM,ngram_notes,5,1,rbf,False,False,"[('0.456', '0.667'), ('0.477', '0.571'), ('0.546', '0.091'), ('0.487', '0.500'), ('0.506', '0.250'), ('0.494', '0.417'), ('0.471', '0.647'), ('0.487', '0.500'), ('0.491', '0.467'), ('0.481', '0.583')]","('0.4896', '0.4693')"
SVM,ngram_notes,5,2,rbf,False,False,"[('0.406', '0.654'), ('0.432', '0.550'), ('0.500', '0.095'), ('0.444', '0.467'), ('0.466', '0.182'), ('0.453', '0.364'), ('0.431', '0.600'), ('0.448', '0.429'), ('0.452', '0.385'), ('0.443', '0.500')]","('0.4475', '0.4226')"
SVM,ngram_notes,5,3,rbf,False,False,"[('0.403', '0.640'), ('0.432', '0.526'), ('0.500', '0.100'), ('0.438', '0.500'), ('0.463', '0.200'), ('0.455', '0.300'), ('0.427', '0.615'), ('0.439', '0.500'), ('0.451', '0.364'), ('0.441', '0.500')]","('0.4449', '0.4245')"
SVM,ngram_notes,5,4,rbf,False,False,"[('0.381', '0.625'), ('0.414', '0.500'), ('0.482', '0.105'), ('0.422', '0.462'), ('0.442', '0.222'), ('0.433', '0.333'), ('0.415', '0.545'), ('0.429', '0.400'), ('0.433', '0.333'), ('0.415', '0.667')]","('0.4266', '0.4192')"
SVM,ngram_notes,5,5,rbf,False,False,"[('0.374', '0.652'), ('0.423', '0.471'), ('0.490', '0.111'), ('0.431', '0.417'), ('0.443', '0.250'), ('0.434', '0.375'), ('0.410', '0.667'), ('0.425', '0.500'), ('0.439', '0.286'), ('0.427', '0.500')]","('0.4296', '0.4229')"
SVM,ngram_notes,5,6,rbf,False,False,"[('0.346', '0.636'), ('0.393', '0.500'), ('0.470', '0.118'), ('0.416', '0.364'), ('0.419', '0.286'), ('0.419', '0.286'), ('0.398', '0.571'), ('0.415', '0.333'), ('0.421', '0.200'), ('0.398', '1.000')]","('0.4095', '0.4294')"
SVM,ngram_notes,5,7,rbf,False,False,"[('0.369', '0.238'), ('0.352', '0.467'), ('0.429', '0.125'), ('0.368', '0.400'), ('0.388', '0.167'), ('0.375', '0.333'), ('0.370', '0.400'), ('0.378', '0.250'), ('0.386', '0.000'), ('0.372', '0.000')]","('0.3787', '0.2380')"
SVM,ngram_notes,5,8,rbf,False,False,"[('0.315', '0.600'), ('0.367', '0.500'), ('0.458', '0.133'), ('0.385', '0.444'), ('0.406', '0.200'), ('0.391', '0.400'), ('0.394', '0.333'), ('0.403', '0.000'), ('0.397', '0.000'), ('0.392', '0.000')]","('0.3908', '0.2610')"
SVM,ngram_notes,6,1,rbf,False,False,"[('0.456', '0.667'), ('0.477', '0.571'), ('0.546', '0.091'), ('0.487', '0.500'), ('0.506', '0.250'), ('0.494', '0.417'), ('0.471', '0.647'), ('0.487', '0.500'), ('0.491', '0.467'), ('0.481', '0.583')]","('0.4896', '0.4693')"
SVM,ngram_notes,6,2,rbf,False,False,"[('0.406', '0.654'), ('0.432', '0.550'), ('0.500', '0.095'), ('0.444', '0.467'), ('0.466', '0.182'), ('0.453', '0.364'), ('0.431', '0.600'), ('0.448', '0.429'), ('0.452', '0.385'), ('0.443', '0.500')]","('0.4475', '0.4226')"
SVM,ngram_notes,6,3,rbf,False,False,"[('0.403', '0.640'), ('0.432', '0.526'), ('0.500', '0.100'), ('0.438', '0.500'), ('0.463', '0.200'), ('0.455', '0.300'), ('0.427', '0.615'), ('0.439', '0.500'), ('0.451', '0.364'), ('0.441', '0.500')]","('0.4449', '0.4245')"
SVM,ngram_notes,6,4,rbf,False,False,"[('0.381', '0.625'), ('0.414', '0.500'), ('0.482', '0.105'), ('0.422', '0.462'), ('0.442', '0.222'), ('0.433', '0.333'), ('0.415', '0.545'), ('0.429', '0.400'), ('0.433', '0.333'), ('0.415', '0.667')]","('0.4266', '0.4192')"
SVM,ngram_notes,6,5,rbf,False,False,"[('0.374', '0.652'), ('0.423', '0.471'), ('0.490', '0.111'), ('0.431', '0.417'), ('0.443', '0.250'), ('0.434', '0.375'), ('0.410', '0.667'), ('0.425', '0.500'), ('0.439', '0.286'), ('0.427', '0.500')]","('0.4296', '0.4229')"
SVM,ngram_notes,6,6,rbf,False,False,"[('0.346', '0.636'), ('0.393', '0.500'), ('0.470', '0.118'), ('0.416', '0.364'), ('0.419', '0.286'), ('0.419', '0.286'), ('0.398', '0.571'), ('0.415', '0.333'), ('0.421', '0.200'), ('0.398', '1.000')]","('0.4095', '0.4294')"
SVM,ngram_notes,6,7,rbf,False,False,"[('0.369', '0.238'), ('0.352', '0.467'), ('0.429', '0.125'), ('0.368', '0.400'), ('0.388', '0.167'), ('0.375', '0.333'), ('0.370', '0.400'), ('0.378', '0.250'), ('0.386', '0.000'), ('0.372', '0.000')]","('0.3787', '0.2380')"
SVM,ngram_notes,6,8,rbf,False,False,"[('0.315', '0.600'), ('0.367', '0.500'), ('0.458', '0.133'), ('0.385', '0.444'), ('0.406', '0.200'), ('0.391', '0.400'), ('0.394', '0.333'), ('0.403', '0.000'), ('0.397', '0.000'), ('0.392', '0.000')]","('0.3908', '0.2610')"
SVM,ngram_notes,7,1,rbf,False,False,"[('0.456', '0.667'), ('0.477', '0.571'), ('0.546', '0.091'), ('0.487', '0.500'), ('0.506', '0.250'), ('0.494', '0.417'), ('0.471', '0.647'), ('0.487', '0.500'), ('0.491', '0.467'), ('0.481', '0.583')]","('0.4896', '0.4693')"
SVM,ngram_notes,7,2,rbf,False,False,"[('0.406', '0.654'), ('0.432', '0.550'), ('0.500', '0.095'), ('0.444', '0.467'), ('0.466', '0.182'), ('0.453', '0.364'), ('0.431', '0.600'), ('0.448', '0.429'), ('0.452', '0.385'), ('0.443', '0.500')]","('0.4475', '0.4226')"
SVM,ngram_notes,7,3,rbf,False,False,"[('0.403', '0.640'), ('0.432', '0.526'), ('0.500', '0.100'), ('0.438', '0.500'), ('0.463', '0.200'), ('0.455', '0.300'), ('0.427', '0.615'), ('0.439', '0.500'), ('0.451', '0.364'), ('0.441', '0.500')]","('0.4449', '0.4245')"
SVM,ngram_notes,7,4,rbf,False,False,"[('0.381', '0.625'), ('0.414', '0.500'), ('0.482', '0.105'), ('0.422', '0.462'), ('0.442', '0.222'), ('0.433', '0.333'), ('0.415', '0.545'), ('0.429', '0.400'), ('0.433', '0.333'), ('0.415', '0.667')]","('0.4266', '0.4192')"
SVM,ngram_notes,7,5,rbf,False,False,"[('0.374', '0.652'), ('0.423', '0.471'), ('0.490', '0.111'), ('0.431', '0.417'), ('0.443', '0.250'), ('0.434', '0.375'), ('0.410', '0.667'), ('0.425', '0.500'), ('0.439', '0.286'), ('0.427', '0.500')]","('0.4296', '0.4229')"
SVM,ngram_notes,7,6,rbf,False,False,"[('0.346', '0.636'), ('0.393', '0.500'), ('0.470', '0.118'), ('0.416', '0.364'), ('0.419', '0.286'), ('0.419', '0.286'), ('0.398', '0.571'), ('0.415', '0.333'), ('0.421', '0.200'), ('0.398', '1.000')]","('0.4095', '0.4294')"
SVM,ngram_notes,7,7,rbf,False,False,"[('0.369', '0.238'), ('0.352', '0.467'), ('0.429', '0.125'), ('0.368', '0.400'), ('0.388', '0.167'), ('0.375', '0.333'), ('0.370', '0.400'), ('0.378', '0.250'), ('0.386', '0.000'), ('0.372', '0.000')]","('0.3787', '0.2380')"
SVM,ngram_notes,7,8,rbf,False,False,"[('0.315', '0.600'), ('0.367', '0.500'), ('0.458', '0.133'), ('0.385', '0.444'), ('0.406', '0.200'), ('0.391', '0.400'), ('0.394', '0.333'), ('0.403', '0.000'), ('0.397', '0.000'), ('0.392', '0.000')]","('0.3908', '0.2610')"
SVM,ngram_notes,8,1,rbf,False,False,"[('0.456', '0.667'), ('0.477', '0.571'), ('0.546', '0.091'), ('0.487', '0.500'), ('0.506', '0.250'), ('0.494', '0.417'), ('0.471', '0.647'), ('0.487', '0.500'), ('0.491', '0.467'), ('0.481', '0.583')]","('0.4896', '0.4693')"
SVM,ngram_notes,8,2,rbf,False,False,"[('0.406', '0.654'), ('0.432', '0.550'), ('0.500', '0.095'), ('0.444', '0.467'), ('0.466', '0.182'), ('0.453', '0.364'), ('0.431', '0.600'), ('0.448', '0.429'), ('0.452', '0.385'), ('0.443', '0.500')]","('0.4475', '0.4226')"
SVM,ngram_notes,8,3,rbf,False,False,"[('0.403', '0.640'), ('0.432', '0.526'), ('0.500', '0.100'), ('0.438', '0.500'), ('0.463', '0.200'), ('0.455', '0.300'), ('0.427', '0.615'), ('0.439', '0.500'), ('0.451', '0.364'), ('0.441', '0.500')]","('0.4449', '0.4245')"
SVM,ngram_notes,8,4,rbf,False,False,"[('0.381', '0.625'), ('0.414', '0.500'), ('0.482', '0.105'), ('0.422', '0.462'), ('0.442', '0.222'), ('0.433', '0.333'), ('0.415', '0.545'), ('0.429', '0.400'), ('0.433', '0.333'), ('0.415', '0.667')]","('0.4266', '0.4192')"
SVM,ngram_notes,8,5,rbf,False,False,"[('0.374', '0.652'), ('0.423', '0.471'), ('0.490', '0.111'), ('0.431', '0.417'), ('0.443', '0.250'), ('0.434', '0.375'), ('0.410', '0.667'), ('0.425', '0.500'), ('0.439', '0.286'), ('0.427', '0.500')]","('0.4296', '0.4229')"
SVM,ngram_notes,8,6,rbf,False,False,"[('0.346', '0.636'), ('0.393', '0.500'), ('0.470', '0.118'), ('0.416', '0.364'), ('0.419', '0.286'), ('0.419', '0.286'), ('0.398', '0.571'), ('0.415', '0.333'), ('0.421', '0.200'), ('0.398', '1.000')]","('0.4095', '0.4294')"
SVM,ngram_notes,8,7,rbf,False,False,"[('0.369', '0.238'), ('0.352', '0.467'), ('0.429', '0.125'), ('0.368', '0.400'), ('0.388', '0.167'), ('0.375', '0.333'), ('0.370', '0.400'), ('0.378', '0.250'), ('0.386', '0.000'), ('0.372', '0.000')]","('0.3787', '0.2380')"
SVM,ngram_notes,8,8,rbf,False,False,"[('0.315', '0.600'), ('0.367', '0.500'), ('0.458', '0.133'), ('0.385', '0.444'), ('0.406', '0.200'), ('0.391', '0.400'), ('0.394', '0.333'), ('0.403', '0.000'), ('0.397', '0.000'), ('0.392', '0.000')]","('0.3908', '0.2610')"
SVM,ngram_notes,1,1,rbf,True,False,"[('0.524', '0.815'), ('0.556', '0.667'), ('0.638', '0.091'), ('0.576', '0.500'), ('0.574', '0.500'), ('0.568', '0.583'), ('0.548', '0.765'), ('0.576', '0.500'), ('0.572', '0.533'), ('0.568', '0.583')]","('0.5700', '0.5537')"
SVM,ngram_notes,1,2,rbf,True,False,"[('0.406', '0.654'), ('0.432', '0.550'), ('0.500', '0.095'), ('0.444', '0.467'), ('0.466', '0.182'), ('0.453', '0.364'), ('0.431', '0.600'), ('0.448', '0.429'), ('0.452', '0.385'), ('0.443', '0.500')]","('0.4475', '0.4226')"
SVM,ngram_notes,1,3,rbf,True,False,"[('0.403', '0.640'), ('0.432', '0.526'), ('0.500', '0.100'), ('0.438', '0.500'), ('0.463', '0.200'), ('0.455', '0.300'), ('0.427', '0.615'), ('0.439', '0.500'), ('0.451', '0.364'), ('0.441', '0.500')]","('0.4449', '0.4245')"
SVM,ngram_notes,1,4,rbf,True,False,"[('0.381', '0.625'), ('0.414', '0.500'), ('0.482', '0.105'), ('0.422', '0.462'), ('0.442', '0.222'), ('0.433', '0.333'), ('0.415', '0.545'), ('0.429', '0.400'), ('0.433', '0.333'), ('0.415', '0.667')]","('0.4266', '0.4192')"
SVM,ngram_notes,1,5,rbf,True,False,"[('0.374', '0.652'), ('0.423', '0.471'), ('0.490', '0.111'), ('0.431', '0.417'), ('0.443', '0.250'), ('0.434', '0.375'), ('0.410', '0.667'), ('0.425', '0.500'), ('0.439', '0.286'), ('0.427', '0.500')]","('0.4296', '0.4229')"
SVM,ngram_notes,1,6,rbf,True,False,"[('0.346', '0.636'), ('0.393', '0.500'), ('0.470', '0.118'), ('0.416', '0.364'), ('0.419', '0.286'), ('0.419', '0.286'), ('0.398', '0.571'), ('0.415', '0.333'), ('0.421', '0.200'), ('0.398', '1.000')]","('0.4095', '0.4294')"
SVM,ngram_notes,1,7,rbf,True,False,"[('0.369', '0.238'), ('0.352', '0.467'), ('0.429', '0.125'), ('0.368', '0.400'), ('0.388', '0.167'), ('0.375', '0.333'), ('0.370', '0.400'), ('0.378', '0.250'), ('0.386', '0.000'), ('0.372', '0.000')]","('0.3787', '0.2380')"
SVM,ngram_notes,1,8,rbf,True,False,"[('0.315', '0.600'), ('0.367', '0.500'), ('0.458', '0.133'), ('0.385', '0.444'), ('0.406', '0.200'), ('0.391', '0.400'), ('0.394', '0.333'), ('0.403', '0.000'), ('0.397', '0.000'), ('0.392', '0.000')]","('0.3908', '0.2610')"
SVM,ngram_notes,2,1,rbf,True,False,"[('0.456', '0.667'), ('0.477', '0.571'), ('0.605', '0.091'), ('0.487', '0.500'), ('0.506', '0.250'), ('0.494', '0.417'), ('0.471', '0.647'), ('0.544', '0.500'), ('0.491', '0.467'), ('0.537', '0.583')]","('0.5068', '0.4693')"
SVM,ngram_notes,2,2,rbf,True,False,"[('0.406', '0.654'), ('0.432', '0.550'), ('0.500', '0.095'), ('0.444', '0.467'), ('0.466', '0.182'), ('0.453', '0.364'), ('0.431', '0.600'), ('0.448', '0.429'), ('0.452', '0.385'), ('0.443', '0.500')]","('0.4475', '0.4226')"
SVM,ngram_notes,2,3,rbf,True,False,"[('0.403', '0.640'), ('0.432', '0.526'), ('0.500', '0.100'), ('0.438', '0.500'), ('0.463', '0.200'), ('0.455', '0.300'), ('0.427', '0.615'), ('0.439', '0.500'), ('0.451', '0.364'), ('0.441', '0.500')]","('0.4449', '0.4245')"
SVM,ngram_notes,2,4,rbf,True,False,"[('0.381', '0.625'), ('0.414', '0.500'), ('0.482', '0.105'), ('0.422', '0.462'), ('0.442', '0.222'), ('0.433', '0.333'), ('0.415', '0.545'), ('0.429', '0.400'), ('0.433', '0.333'), ('0.415', '0.667')]","('0.4266', '0.4192')"
SVM,ngram_notes,2,5,rbf,True,False,"[('0.374', '0.652'), ('0.423', '0.471'), ('0.490', '0.111'), ('0.431', '0.417'), ('0.443', '0.250'), ('0.434', '0.375'), ('0.410', '0.667'), ('0.425', '0.500'), ('0.439', '0.286'), ('0.427', '0.500')]","('0.4296', '0.4229')"
SVM,ngram_notes,2,6,rbf,True,False,"[('0.346', '0.636'), ('0.393', '0.500'), ('0.470', '0.118'), ('0.416', '0.364'), ('0.419', '0.286'), ('0.419', '0.286'), ('0.398', '0.571'), ('0.415', '0.333'), ('0.421', '0.200'), ('0.398', '1.000')]","('0.4095', '0.4294')"
SVM,ngram_notes,2,7,rbf,True,False,"[('0.369', '0.238'), ('0.352', '0.467'), ('0.429', '0.125'), ('0.368', '0.400'), ('0.388', '0.167'), ('0.375', '0.333'), ('0.370', '0.400'), ('0.378', '0.250'), ('0.386', '0.000'), ('0.372', '0.000')]","('0.3787', '0.2380')"
SVM,ngram_notes,2,8,rbf,True,False,"[('0.315', '0.600'), ('0.367', '0.500'), ('0.458', '0.133'), ('0.385', '0.444'), ('0.406', '0.200'), ('0.391', '0.400'), ('0.394', '0.333'), ('0.403', '0.000'), ('0.397', '0.000'), ('0.392', '0.000')]","('0.3908', '0.2610')"
SVM,ngram_notes,3,1,rbf,True,False,"[('0.456', '0.667'), ('0.477', '0.571'), ('0.546', '0.091'), ('0.487', '0.500'), ('0.506', '0.250'), ('0.494', '0.417'), ('0.471', '0.647'), ('0.487', '0.500'), ('0.491', '0.467'), ('0.481', '0.583')]","('0.4896', '0.4693')"
SVM,ngram_notes,3,2,rbf,True,False,"[('0.406', '0.654'), ('0.432', '0.550'), ('0.500', '0.095'), ('0.444', '0.467'), ('0.466', '0.182'), ('0.453', '0.364'), ('0.431', '0.600'), ('0.448', '0.429'), ('0.452', '0.385'), ('0.443', '0.500')]","('0.4475', '0.4226')"
SVM,ngram_notes,3,3,rbf,True,False,"[('0.403', '0.640'), ('0.432', '0.526'), ('0.500', '0.100'), ('0.438', '0.500'), ('0.463', '0.200'), ('0.455', '0.300'), ('0.427', '0.615'), ('0.439', '0.500'), ('0.451', '0.364'), ('0.441', '0.500')]","('0.4449', '0.4245')"
SVM,ngram_notes,3,4,rbf,True,False,"[('0.381', '0.625'), ('0.414', '0.500'), ('0.482', '0.105'), ('0.422', '0.462'), ('0.442', '0.222'), ('0.433', '0.333'), ('0.415', '0.545'), ('0.429', '0.400'), ('0.433', '0.333'), ('0.415', '0.667')]","('0.4266', '0.4192')"
SVM,ngram_notes,3,5,rbf,True,False,"[('0.374', '0.652'), ('0.423', '0.471'), ('0.490', '0.111'), ('0.431', '0.417'), ('0.443', '0.250'), ('0.434', '0.375'), ('0.410', '0.667'), ('0.425', '0.500'), ('0.439', '0.286'), ('0.427', '0.500')]","('0.4296', '0.4229')"
SVM,ngram_notes,3,6,rbf,True,False,"[('0.346', '0.636'), ('0.393', '0.500'), ('0.470', '0.118'), ('0.416', '0.364'), ('0.419', '0.286'), ('0.419', '0.286'), ('0.398', '0.571'), ('0.415', '0.333'), ('0.421', '0.200'), ('0.398', '1.000')]","('0.4095', '0.4294')"
SVM,ngram_notes,3,7,rbf,True,False,"[('0.369', '0.238'), ('0.352', '0.467'), ('0.429', '0.125'), ('0.368', '0.400'), ('0.388', '0.167'), ('0.375', '0.333'), ('0.370', '0.400'), ('0.378', '0.250'), ('0.386', '0.000'), ('0.372', '0.000')]","('0.3787', '0.2380')"
SVM,ngram_notes,3,8,rbf,True,False,"[('0.315', '0.600'), ('0.367', '0.500'), ('0.458', '0.133'), ('0.385', '0.444'), ('0.406', '0.200'), ('0.391', '0.400'), ('0.394', '0.333'), ('0.403', '0.000'), ('0.397', '0.000'), ('0.392', '0.000')]","('0.3908', '0.2610')"
SVM,ngram_notes,4,1,rbf,True,False,"[('0.456', '0.667'), ('0.477', '0.571'), ('0.546', '0.091'), ('0.487', '0.500'), ('0.506', '0.250'), ('0.494', '0.417'), ('0.471', '0.647'), ('0.487', '0.500'), ('0.491', '0.467'), ('0.481', '0.583')]","('0.4896', '0.4693')"
SVM,ngram_notes,4,2,rbf,True,False,"[('0.406', '0.654'), ('0.432', '0.550'), ('0.500', '0.095'), ('0.444', '0.467'), ('0.466', '0.182'), ('0.453', '0.364'), ('0.431', '0.600'), ('0.448', '0.429'), ('0.452', '0.385'), ('0.443', '0.500')]","('0.4475', '0.4226')"
SVM,ngram_notes,4,3,rbf,True,False,"[('0.403', '0.640'), ('0.432', '0.526'), ('0.500', '0.100'), ('0.438', '0.500'), ('0.463', '0.200'), ('0.455', '0.300'), ('0.427', '0.615'), ('0.439', '0.500'), ('0.451', '0.364'), ('0.441', '0.500')]","('0.4449', '0.4245')"
SVM,ngram_notes,4,4,rbf,True,False,"[('0.381', '0.625'), ('0.414', '0.500'), ('0.482', '0.105'), ('0.422', '0.462'), ('0.442', '0.222'), ('0.433', '0.333'), ('0.415', '0.545'), ('0.429', '0.400'), ('0.433', '0.333'), ('0.415', '0.667')]","('0.4266', '0.4192')"
SVM,ngram_notes,4,5,rbf,True,False,"[('0.374', '0.652'), ('0.423', '0.471'), ('0.490', '0.111'), ('0.431', '0.417'), ('0.443', '0.250'), ('0.434', '0.375'), ('0.410', '0.667'), ('0.425', '0.500'), ('0.439', '0.286'), ('0.427', '0.500')]","('0.4296', '0.4229')"
SVM,ngram_notes,4,6,rbf,True,False,"[('0.346', '0.636'), ('0.393', '0.500'), ('0.470', '0.118'), ('0.416', '0.364'), ('0.419', '0.286'), ('0.419', '0.286'), ('0.398', '0.571'), ('0.415', '0.333'), ('0.421', '0.200'), ('0.398', '1.000')]","('0.4095', '0.4294')"
SVM,ngram_notes,4,7,rbf,True,False,"[('0.369', '0.238'), ('0.352', '0.467'), ('0.429', '0.125'), ('0.368', '0.400'), ('0.388', '0.167'), ('0.375', '0.333'), ('0.370', '0.400'), ('0.378', '0.250'), ('0.386', '0.000'), ('0.372', '0.000')]","('0.3787', '0.2380')"
SVM,ngram_notes,4,8,rbf,True,False,"[('0.315', '0.600'), ('0.367', '0.500'), ('0.458', '0.133'), ('0.385', '0.444'), ('0.406', '0.200'), ('0.391', '0.400'), ('0.394', '0.333'), ('0.403', '0.000'), ('0.397', '0.000'), ('0.392', '0.000')]","('0.3908', '0.2610')"
SVM,ngram_notes,5,1,rbf,True,False,"[('0.456', '0.667'), ('0.477', '0.571'), ('0.546', '0.091'), ('0.487', '0.500'), ('0.506', '0.250'), ('0.494', '0.417'), ('0.471', '0.647'), ('0.487', '0.500'), ('0.491', '0.467'), ('0.481', '0.583')]","('0.4896', '0.4693')"
SVM,ngram_notes,5,2,rbf,True,False,"[('0.406', '0.654'), ('0.432', '0.550'), ('0.500', '0.095'), ('0.444', '0.467'), ('0.466', '0.182'), ('0.453', '0.364'), ('0.431', '0.600'), ('0.448', '0.429'), ('0.452', '0.385'), ('0.443', '0.500')]","('0.4475', '0.4226')"
SVM,ngram_notes,5,3,rbf,True,False,"[('0.403', '0.640'), ('0.432', '0.526'), ('0.500', '0.100'), ('0.438', '0.500'), ('0.463', '0.200'), ('0.455', '0.300'), ('0.427', '0.615'), ('0.439', '0.500'), ('0.451', '0.364'), ('0.441', '0.500')]","('0.4449', '0.4245')"
SVM,ngram_notes,5,4,rbf,True,False,"[('0.381', '0.625'), ('0.414', '0.500'), ('0.482', '0.105'), ('0.422', '0.462'), ('0.442', '0.222'), ('0.433', '0.333'), ('0.415', '0.545'), ('0.429', '0.400'), ('0.433', '0.333'), ('0.415', '0.667')]","('0.4266', '0.4192')"
SVM,ngram_notes,5,5,rbf,True,False,"[('0.374', '0.652'), ('0.423', '0.471'), ('0.490', '0.111'), ('0.431', '0.417'), ('0.443', '0.250'), ('0.434', '0.375'), ('0.410', '0.667'), ('0.425', '0.500'), ('0.439', '0.286'), ('0.427', '0.500')]","('0.4296', '0.4229')"
SVM,ngram_notes,5,6,rbf,True,False,"[('0.346', '0.636'), ('0.393', '0.500'), ('0.470', '0.118'), ('0.416', '0.364'), ('0.419', '0.286'), ('0.419', '0.286'), ('0.398', '0.571'), ('0.415', '0.333'), ('0.421', '0.200'), ('0.398', '1.000')]","('0.4095', '0.4294')"
SVM,ngram_notes,5,7,rbf,True,False,"[('0.369', '0.238'), ('0.352', '0.467'), ('0.429', '0.125'), ('0.368', '0.400'), ('0.388', '0.167'), ('0.375', '0.333'), ('0.370', '0.400'), ('0.378', '0.250'), ('0.386', '0.000'), ('0.372', '0.000')]","('0.3787', '0.2380')"
SVM,ngram_notes,5,8,rbf,True,False,"[('0.315', '0.600'), ('0.367', '0.500'), ('0.458', '0.133'), ('0.385', '0.444'), ('0.406', '0.200'), ('0.391', '0.400'), ('0.394', '0.333'), ('0.403', '0.000'), ('0.397', '0.000'), ('0.392', '0.000')]","('0.3908', '0.2610')"
SVM,ngram_notes,6,1,rbf,True,False,"[('0.456', '0.667'), ('0.477', '0.571'), ('0.546', '0.091'), ('0.487', '0.500'), ('0.506', '0.250'), ('0.494', '0.417'), ('0.471', '0.647'), ('0.487', '0.500'), ('0.491', '0.467'), ('0.481', '0.583')]","('0.4896', '0.4693')"
SVM,ngram_notes,6,2,rbf,True,False,"[('0.406', '0.654'), ('0.432', '0.550'), ('0.500', '0.095'), ('0.444', '0.467'), ('0.466', '0.182'), ('0.453', '0.364'), ('0.431', '0.600'), ('0.448', '0.429'), ('0.452', '0.385'), ('0.443', '0.500')]","('0.4475', '0.4226')"
SVM,ngram_notes,6,3,rbf,True,False,"[('0.403', '0.640'), ('0.432', '0.526'), ('0.500', '0.100'), ('0.438', '0.500'), ('0.463', '0.200'), ('0.455', '0.300'), ('0.427', '0.615'), ('0.439', '0.500'), ('0.451', '0.364'), ('0.441', '0.500')]","('0.4449', '0.4245')"
SVM,ngram_notes,6,4,rbf,True,False,"[('0.381', '0.625'), ('0.414', '0.500'), ('0.482', '0.105'), ('0.422', '0.462'), ('0.442', '0.222'), ('0.433', '0.333'), ('0.415', '0.545'), ('0.429', '0.400'), ('0.433', '0.333'), ('0.415', '0.667')]","('0.4266', '0.4192')"
SVM,ngram_notes,6,5,rbf,True,False,"[('0.374', '0.652'), ('0.423', '0.471'), ('0.490', '0.111'), ('0.431', '0.417'), ('0.443', '0.250'), ('0.434', '0.375'), ('0.410', '0.667'), ('0.425', '0.500'), ('0.439', '0.286'), ('0.427', '0.500')]","('0.4296', '0.4229')"
SVM,ngram_notes,6,6,rbf,True,False,"[('0.346', '0.636'), ('0.393', '0.500'), ('0.470', '0.118'), ('0.416', '0.364'), ('0.419', '0.286'), ('0.419', '0.286'), ('0.398', '0.571'), ('0.415', '0.333'), ('0.421', '0.200'), ('0.398', '1.000')]","('0.4095', '0.4294')"
SVM,ngram_notes,6,7,rbf,True,False,"[('0.369', '0.238'), ('0.352', '0.467'), ('0.429', '0.125'), ('0.368', '0.400'), ('0.388', '0.167'), ('0.375', '0.333'), ('0.370', '0.400'), ('0.378', '0.250'), ('0.386', '0.000'), ('0.372', '0.000')]","('0.3787', '0.2380')"
SVM,ngram_notes,6,8,rbf,True,False,"[('0.315', '0.600'), ('0.367', '0.500'), ('0.458', '0.133'), ('0.385', '0.444'), ('0.406', '0.200'), ('0.391', '0.400'), ('0.394', '0.333'), ('0.403', '0.000'), ('0.397', '0.000'), ('0.392', '0.000')]","('0.3908', '0.2610')"
SVM,ngram_notes,7,1,rbf,True,False,"[('0.456', '0.667'), ('0.477', '0.571'), ('0.546', '0.091'), ('0.487', '0.500'), ('0.506', '0.250'), ('0.494', '0.417'), ('0.471', '0.647'), ('0.487', '0.500'), ('0.491', '0.467'), ('0.481', '0.583')]","('0.4896', '0.4693')"
SVM,ngram_notes,7,2,rbf,True,False,"[('0.406', '0.654'), ('0.432', '0.550'), ('0.500', '0.095'), ('0.444', '0.467'), ('0.466', '0.182'), ('0.453', '0.364'), ('0.431', '0.600'), ('0.448', '0.429'), ('0.452', '0.385'), ('0.443', '0.500')]","('0.4475', '0.4226')"
SVM,ngram_notes,7,3,rbf,True,False,"[('0.403', '0.640'), ('0.432', '0.526'), ('0.500', '0.100'), ('0.438', '0.500'), ('0.463', '0.200'), ('0.455', '0.300'), ('0.427', '0.615'), ('0.439', '0.500'), ('0.451', '0.364'), ('0.441', '0.500')]","('0.4449', '0.4245')"
SVM,ngram_notes,7,4,rbf,True,False,"[('0.381', '0.625'), ('0.414', '0.500'), ('0.482', '0.105'), ('0.422', '0.462'), ('0.442', '0.222'), ('0.433', '0.333'), ('0.415', '0.545'), ('0.429', '0.400'), ('0.433', '0.333'), ('0.415', '0.667')]","('0.4266', '0.4192')"
SVM,ngram_notes,7,5,rbf,True,False,"[('0.374', '0.652'), ('0.423', '0.471'), ('0.490', '0.111'), ('0.431', '0.417'), ('0.443', '0.250'), ('0.434', '0.375'), ('0.410', '0.667'), ('0.425', '0.500'), ('0.439', '0.286'), ('0.427', '0.500')]","('0.4296', '0.4229')"
SVM,ngram_notes,7,6,rbf,True,False,"[('0.346', '0.636'), ('0.393', '0.500'), ('0.470', '0.118'), ('0.416', '0.364'), ('0.419', '0.286'), ('0.419', '0.286'), ('0.398', '0.571'), ('0.415', '0.333'), ('0.421', '0.200'), ('0.398', '1.000')]","('0.4095', '0.4294')"
SVM,ngram_notes,7,7,rbf,True,False,"[('0.369', '0.238'), ('0.352', '0.467'), ('0.429', '0.125'), ('0.368', '0.400'), ('0.388', '0.167'), ('0.375', '0.333'), ('0.370', '0.400'), ('0.378', '0.250'), ('0.386', '0.000'), ('0.372', '0.000')]","('0.3787', '0.2380')"
SVM,ngram_notes,7,8,rbf,True,False,"[('0.315', '0.600'), ('0.367', '0.500'), ('0.458', '0.133'), ('0.385', '0.444'), ('0.406', '0.200'), ('0.391', '0.400'), ('0.394', '0.333'), ('0.403', '0.000'), ('0.397', '0.000'), ('0.392', '0.000')]","('0.3908', '0.2610')"
SVM,ngram_notes,8,1,rbf,True,False,"[('0.456', '0.667'), ('0.477', '0.571'), ('0.546', '0.091'), ('0.487', '0.500'), ('0.506', '0.250'), ('0.494', '0.417'), ('0.471', '0.647'), ('0.487', '0.500'), ('0.491', '0.467'), ('0.481', '0.583')]","('0.4896', '0.4693')"
SVM,ngram_notes,8,2,rbf,True,False,"[('0.406', '0.654'), ('0.432', '0.550'), ('0.500', '0.095'), ('0.444', '0.467'), ('0.466', '0.182'), ('0.453', '0.364'), ('0.431', '0.600'), ('0.448', '0.429'), ('0.452', '0.385'), ('0.443', '0.500')]","('0.4475', '0.4226')"
SVM,ngram_notes,8,3,rbf,True,False,"[('0.403', '0.640'), ('0.432', '0.526'), ('0.500', '0.100'), ('0.438', '0.500'), ('0.463', '0.200'), ('0.455', '0.300'), ('0.427', '0.615'), ('0.439', '0.500'), ('0.451', '0.364'), ('0.441', '0.500')]","('0.4449', '0.4245')"
SVM,ngram_notes,8,4,rbf,True,False,"[('0.381', '0.625'), ('0.414', '0.500'), ('0.482', '0.105'), ('0.422', '0.462'), ('0.442', '0.222'), ('0.433', '0.333'), ('0.415', '0.545'), ('0.429', '0.400'), ('0.433', '0.333'), ('0.415', '0.667')]","('0.4266', '0.4192')"
SVM,ngram_notes,8,5,rbf,True,False,"[('0.374', '0.652'), ('0.423', '0.471'), ('0.490', '0.111'), ('0.431', '0.417'), ('0.443', '0.250'), ('0.434', '0.375'), ('0.410', '0.667'), ('0.425', '0.500'), ('0.439', '0.286'), ('0.427', '0.500')]","('0.4296', '0.4229')"
SVM,ngram_notes,8,6,rbf,True,False,"[('0.346', '0.636'), ('0.393', '0.500'), ('0.470', '0.118'), ('0.416', '0.364'), ('0.419', '0.286'), ('0.419', '0.286'), ('0.398', '0.571'), ('0.415', '0.333'), ('0.421', '0.200'), ('0.398', '1.000')]","('0.4095', '0.4294')"
SVM,ngram_notes,8,7,rbf,True,False,"[('0.369', '0.238'), ('0.352', '0.467'), ('0.429', '0.125'), ('0.368', '0.400'), ('0.388', '0.167'), ('0.375', '0.333'), ('0.370', '0.400'), ('0.378', '0.250'), ('0.386', '0.000'), ('0.372', '0.000')]","('0.3787', '0.2380')"
SVM,ngram_notes,8,8,rbf,True,False,"[('0.315', '0.600'), ('0.367', '0.500'), ('0.458', '0.133'), ('0.385', '0.444'), ('0.406', '0.200'), ('0.391', '0.400'), ('0.394', '0.333'), ('0.403', '0.000'), ('0.397', '0.000'), ('0.392', '0.000')]","('0.3908', '0.2610')"
SVM,ngram_notes,1,1,rbf,False,True,"[('0.456', '0.667'), ('0.477', '0.571'), ('0.546', '0.091'), ('0.487', '0.500'), ('0.506', '0.250'), ('0.494', '0.417'), ('0.471', '0.647'), ('0.487', '0.500'), ('0.491', '0.467'), ('0.481', '0.583')]","('0.4896', '0.4693')"
SVM,ngram_notes,1,2,rbf,False,True,"[('0.406', '0.654'), ('0.432', '0.550'), ('0.500', '0.095'), ('0.444', '0.467'), ('0.466', '0.182'), ('0.453', '0.364'), ('0.431', '0.600'), ('0.448', '0.429'), ('0.452', '0.385'), ('0.443', '0.500')]","('0.4475', '0.4226')"
SVM,ngram_notes,1,3,rbf,False,True,"[('0.403', '0.640'), ('0.432', '0.526'), ('0.500', '0.100'), ('0.438', '0.500'), ('0.463', '0.200'), ('0.455', '0.300'), ('0.427', '0.615'), ('0.439', '0.500'), ('0.451', '0.364'), ('0.441', '0.500')]","('0.4449', '0.4245')"
SVM,ngram_notes,1,4,rbf,False,True,"[('0.381', '0.625'), ('0.414', '0.500'), ('0.482', '0.105'), ('0.422', '0.462'), ('0.442', '0.222'), ('0.433', '0.333'), ('0.415', '0.545'), ('0.429', '0.400'), ('0.433', '0.333'), ('0.415', '0.667')]","('0.4266', '0.4192')"
SVM,ngram_notes,1,5,rbf,False,True,"[('0.374', '0.652'), ('0.423', '0.471'), ('0.490', '0.111'), ('0.431', '0.417'), ('0.443', '0.250'), ('0.434', '0.375'), ('0.410', '0.667'), ('0.425', '0.500'), ('0.439', '0.286'), ('0.427', '0.500')]","('0.4296', '0.4229')"
SVM,ngram_notes,1,6,rbf,False,True,"[('0.346', '0.636'), ('0.393', '0.500'), ('0.470', '0.118'), ('0.416', '0.364'), ('0.419', '0.286'), ('0.419', '0.286'), ('0.398', '0.571'), ('0.415', '0.333'), ('0.421', '0.200'), ('0.398', '1.000')]","('0.4095', '0.4294')"
SVM,ngram_notes,1,7,rbf,False,True,"[('0.369', '0.238'), ('0.352', '0.467'), ('0.429', '0.125'), ('0.368', '0.400'), ('0.388', '0.167'), ('0.375', '0.333'), ('0.370', '0.400'), ('0.378', '0.250'), ('0.386', '0.000'), ('0.372', '0.000')]","('0.3787', '0.2380')"
SVM,ngram_notes,1,8,rbf,False,True,"[('0.315', '0.600'), ('0.367', '0.500'), ('0.458', '0.133'), ('0.385', '0.444'), ('0.406', '0.200'), ('0.391', '0.400'), ('0.394', '0.333'), ('0.403', '0.000'), ('0.397', '0.000'), ('0.392', '0.000')]","('0.3908', '0.2610')"
SVM,ngram_notes,2,1,rbf,False,True,"[('0.456', '0.667'), ('0.477', '0.571'), ('0.546', '0.091'), ('0.487', '0.500'), ('0.506', '0.250'), ('0.494', '0.417'), ('0.471', '0.647'), ('0.487', '0.500'), ('0.491', '0.467'), ('0.481', '0.583')]","('0.4896', '0.4693')"
SVM,ngram_notes,2,2,rbf,False,True,"[('0.406', '0.654'), ('0.432', '0.550'), ('0.500', '0.095'), ('0.444', '0.467'), ('0.466', '0.182'), ('0.453', '0.364'), ('0.431', '0.600'), ('0.448', '0.429'), ('0.452', '0.385'), ('0.443', '0.500')]","('0.4475', '0.4226')"
SVM,ngram_notes,2,3,rbf,False,True,"[('0.403', '0.640'), ('0.432', '0.526'), ('0.500', '0.100'), ('0.438', '0.500'), ('0.463', '0.200'), ('0.455', '0.300'), ('0.427', '0.615'), ('0.439', '0.500'), ('0.451', '0.364'), ('0.441', '0.500')]","('0.4449', '0.4245')"
SVM,ngram_notes,2,4,rbf,False,True,"[('0.381', '0.625'), ('0.414', '0.500'), ('0.482', '0.105'), ('0.422', '0.462'), ('0.442', '0.222'), ('0.433', '0.333'), ('0.415', '0.545'), ('0.429', '0.400'), ('0.433', '0.333'), ('0.415', '0.667')]","('0.4266', '0.4192')"
SVM,ngram_notes,2,5,rbf,False,True,"[('0.374', '0.652'), ('0.423', '0.471'), ('0.490', '0.111'), ('0.431', '0.417'), ('0.443', '0.250'), ('0.434', '0.375'), ('0.410', '0.667'), ('0.425', '0.500'), ('0.439', '0.286'), ('0.427', '0.500')]","('0.4296', '0.4229')"
SVM,ngram_notes,2,6,rbf,False,True,"[('0.346', '0.636'), ('0.393', '0.500'), ('0.470', '0.118'), ('0.416', '0.364'), ('0.419', '0.286'), ('0.419', '0.286'), ('0.398', '0.571'), ('0.415', '0.333'), ('0.421', '0.200'), ('0.398', '1.000')]","('0.4095', '0.4294')"
SVM,ngram_notes,2,7,rbf,False,True,"[('0.369', '0.238'), ('0.352', '0.467'), ('0.429', '0.125'), ('0.368', '0.400'), ('0.388', '0.167'), ('0.375', '0.333'), ('0.370', '0.400'), ('0.378', '0.250'), ('0.386', '0.000'), ('0.372', '0.000')]","('0.3787', '0.2380')"
SVM,ngram_notes,2,8,rbf,False,True,"[('0.315', '0.600'), ('0.367', '0.500'), ('0.458', '0.133'), ('0.385', '0.444'), ('0.406', '0.200'), ('0.391', '0.400'), ('0.394', '0.333'), ('0.403', '0.000'), ('0.397', '0.000'), ('0.392', '0.000')]","('0.3908', '0.2610')"
SVM,ngram_notes,3,1,rbf,False,True,"[('0.456', '0.667'), ('0.477', '0.571'), ('0.546', '0.091'), ('0.487', '0.500'), ('0.506', '0.250'), ('0.494', '0.417'), ('0.471', '0.647'), ('0.487', '0.500'), ('0.491', '0.467'), ('0.481', '0.583')]","('0.4896', '0.4693')"
SVM,ngram_notes,3,2,rbf,False,True,"[('0.406', '0.654'), ('0.432', '0.550'), ('0.500', '0.095'), ('0.444', '0.467'), ('0.466', '0.182'), ('0.453', '0.364'), ('0.431', '0.600'), ('0.448', '0.429'), ('0.452', '0.385'), ('0.443', '0.500')]","('0.4475', '0.4226')"
SVM,ngram_notes,3,3,rbf,False,True,"[('0.403', '0.640'), ('0.432', '0.526'), ('0.500', '0.100'), ('0.438', '0.500'), ('0.463', '0.200'), ('0.455', '0.300'), ('0.427', '0.615'), ('0.439', '0.500'), ('0.451', '0.364'), ('0.441', '0.500')]","('0.4449', '0.4245')"
SVM,ngram_notes,3,4,rbf,False,True,"[('0.381', '0.625'), ('0.414', '0.500'), ('0.482', '0.105'), ('0.422', '0.462'), ('0.442', '0.222'), ('0.433', '0.333'), ('0.415', '0.545'), ('0.429', '0.400'), ('0.433', '0.333'), ('0.415', '0.667')]","('0.4266', '0.4192')"
SVM,ngram_notes,3,5,rbf,False,True,"[('0.374', '0.652'), ('0.423', '0.471'), ('0.490', '0.111'), ('0.431', '0.417'), ('0.443', '0.250'), ('0.434', '0.375'), ('0.410', '0.667'), ('0.425', '0.500'), ('0.439', '0.286'), ('0.427', '0.500')]","('0.4296', '0.4229')"
SVM,ngram_notes,3,6,rbf,False,True,"[('0.346', '0.636'), ('0.393', '0.500'), ('0.470', '0.118'), ('0.416', '0.364'), ('0.419', '0.286'), ('0.419', '0.286'), ('0.398', '0.571'), ('0.415', '0.333'), ('0.421', '0.200'), ('0.398', '1.000')]","('0.4095', '0.4294')"
SVM,ngram_notes,3,7,rbf,False,True,"[('0.369', '0.238'), ('0.352', '0.467'), ('0.429', '0.125'), ('0.368', '0.400'), ('0.388', '0.167'), ('0.375', '0.333'), ('0.370', '0.400'), ('0.378', '0.250'), ('0.386', '0.000'), ('0.372', '0.000')]","('0.3787', '0.2380')"
SVM,ngram_notes,3,8,rbf,False,True,"[('0.315', '0.600'), ('0.367', '0.500'), ('0.458', '0.133'), ('0.385', '0.444'), ('0.406', '0.200'), ('0.391', '0.400'), ('0.394', '0.333'), ('0.403', '0.000'), ('0.397', '0.000'), ('0.392', '0.000')]","('0.3908', '0.2610')"
SVM,ngram_notes,4,1,rbf,False,True,"[('0.456', '0.667'), ('0.477', '0.571'), ('0.546', '0.091'), ('0.487', '0.500'), ('0.506', '0.250'), ('0.494', '0.417'), ('0.471', '0.647'), ('0.487', '0.500'), ('0.491', '0.467'), ('0.481', '0.583')]","('0.4896', '0.4693')"
SVM,ngram_notes,4,2,rbf,False,True,"[('0.406', '0.654'), ('0.432', '0.550'), ('0.500', '0.095'), ('0.444', '0.467'), ('0.466', '0.182'), ('0.453', '0.364'), ('0.431', '0.600'), ('0.448', '0.429'), ('0.452', '0.385'), ('0.443', '0.500')]","('0.4475', '0.4226')"
SVM,ngram_notes,4,3,rbf,False,True,"[('0.403', '0.640'), ('0.432', '0.526'), ('0.500', '0.100'), ('0.438', '0.500'), ('0.463', '0.200'), ('0.455', '0.300'), ('0.427', '0.615'), ('0.439', '0.500'), ('0.451', '0.364'), ('0.441', '0.500')]","('0.4449', '0.4245')"
SVM,ngram_notes,4,4,rbf,False,True,"[('0.381', '0.625'), ('0.414', '0.500'), ('0.482', '0.105'), ('0.422', '0.462'), ('0.442', '0.222'), ('0.433', '0.333'), ('0.415', '0.545'), ('0.429', '0.400'), ('0.433', '0.333'), ('0.415', '0.667')]","('0.4266', '0.4192')"
SVM,ngram_notes,4,5,rbf,False,True,"[('0.374', '0.652'), ('0.423', '0.471'), ('0.490', '0.111'), ('0.431', '0.417'), ('0.443', '0.250'), ('0.434', '0.375'), ('0.410', '0.667'), ('0.425', '0.500'), ('0.439', '0.286'), ('0.427', '0.500')]","('0.4296', '0.4229')"
SVM,ngram_notes,4,6,rbf,False,True,"[('0.346', '0.636'), ('0.393', '0.500'), ('0.470', '0.118'), ('0.416', '0.364'), ('0.419', '0.286'), ('0.419', '0.286'), ('0.398', '0.571'), ('0.415', '0.333'), ('0.421', '0.200'), ('0.398', '1.000')]","('0.4095', '0.4294')"
SVM,ngram_notes,4,7,rbf,False,True,"[('0.369', '0.238'), ('0.352', '0.467'), ('0.429', '0.125'), ('0.368', '0.400'), ('0.388', '0.167'), ('0.375', '0.333'), ('0.370', '0.400'), ('0.378', '0.250'), ('0.386', '0.000'), ('0.372', '0.000')]","('0.3787', '0.2380')"
SVM,ngram_notes,4,8,rbf,False,True,"[('0.315', '0.600'), ('0.367', '0.500'), ('0.458', '0.133'), ('0.385', '0.444'), ('0.406', '0.200'), ('0.391', '0.400'), ('0.394', '0.333'), ('0.403', '0.000'), ('0.397', '0.000'), ('0.392', '0.000')]","('0.3908', '0.2610')"
SVM,ngram_notes,5,1,rbf,False,True,"[('0.456', '0.667'), ('0.477', '0.571'), ('0.546', '0.091'), ('0.487', '0.500'), ('0.506', '0.250'), ('0.494', '0.417'), ('0.471', '0.647'), ('0.487', '0.500'), ('0.491', '0.467'), ('0.481', '0.583')]","('0.4896', '0.4693')"
SVM,ngram_notes,5,2,rbf,False,True,"[('0.406', '0.654'), ('0.432', '0.550'), ('0.500', '0.095'), ('0.444', '0.467'), ('0.466', '0.182'), ('0.453', '0.364'), ('0.431', '0.600'), ('0.448', '0.429'), ('0.452', '0.385'), ('0.443', '0.500')]","('0.4475', '0.4226')"
SVM,ngram_notes,5,3,rbf,False,True,"[('0.403', '0.640'), ('0.432', '0.526'), ('0.500', '0.100'), ('0.438', '0.500'), ('0.463', '0.200'), ('0.455', '0.300'), ('0.427', '0.615'), ('0.439', '0.500'), ('0.451', '0.364'), ('0.441', '0.500')]","('0.4449', '0.4245')"
SVM,ngram_notes,5,4,rbf,False,True,"[('0.381', '0.625'), ('0.414', '0.500'), ('0.482', '0.105'), ('0.422', '0.462'), ('0.442', '0.222'), ('0.433', '0.333'), ('0.415', '0.545'), ('0.429', '0.400'), ('0.433', '0.333'), ('0.415', '0.667')]","('0.4266', '0.4192')"
SVM,ngram_notes,5,5,rbf,False,True,"[('0.374', '0.652'), ('0.423', '0.471'), ('0.490', '0.111'), ('0.431', '0.417'), ('0.443', '0.250'), ('0.434', '0.375'), ('0.410', '0.667'), ('0.425', '0.500'), ('0.439', '0.286'), ('0.427', '0.500')]","('0.4296', '0.4229')"
SVM,ngram_notes,5,6,rbf,False,True,"[('0.346', '0.636'), ('0.393', '0.500'), ('0.470', '0.118'), ('0.416', '0.364'), ('0.419', '0.286'), ('0.419', '0.286'), ('0.398', '0.571'), ('0.415', '0.333'), ('0.421', '0.200'), ('0.398', '1.000')]","('0.4095', '0.4294')"
SVM,ngram_notes,5,7,rbf,False,True,"[('0.369', '0.238'), ('0.352', '0.467'), ('0.429', '0.125'), ('0.368', '0.400'), ('0.388', '0.167'), ('0.375', '0.333'), ('0.370', '0.400'), ('0.378', '0.250'), ('0.386', '0.000'), ('0.372', '0.000')]","('0.3787', '0.2380')"
SVM,ngram_notes,5,8,rbf,False,True,"[('0.315', '0.600'), ('0.367', '0.500'), ('0.458', '0.133'), ('0.385', '0.444'), ('0.406', '0.200'), ('0.391', '0.400'), ('0.394', '0.333'), ('0.403', '0.000'), ('0.397', '0.000'), ('0.392', '0.000')]","('0.3908', '0.2610')"
SVM,ngram_notes,6,1,rbf,False,True,"[('0.456', '0.667'), ('0.477', '0.571'), ('0.546', '0.091'), ('0.487', '0.500'), ('0.506', '0.250'), ('0.494', '0.417'), ('0.471', '0.647'), ('0.487', '0.500'), ('0.491', '0.467'), ('0.481', '0.583')]","('0.4896', '0.4693')"
SVM,ngram_notes,6,2,rbf,False,True,"[('0.406', '0.654'), ('0.432', '0.550'), ('0.500', '0.095'), ('0.444', '0.467'), ('0.466', '0.182'), ('0.453', '0.364'), ('0.431', '0.600'), ('0.448', '0.429'), ('0.452', '0.385'), ('0.443', '0.500')]","('0.4475', '0.4226')"
SVM,ngram_notes,6,3,rbf,False,True,"[('0.403', '0.640'), ('0.432', '0.526'), ('0.500', '0.100'), ('0.438', '0.500'), ('0.463', '0.200'), ('0.455', '0.300'), ('0.427', '0.615'), ('0.439', '0.500'), ('0.451', '0.364'), ('0.441', '0.500')]","('0.4449', '0.4245')"
SVM,ngram_notes,6,4,rbf,False,True,"[('0.381', '0.625'), ('0.414', '0.500'), ('0.482', '0.105'), ('0.422', '0.462'), ('0.442', '0.222'), ('0.433', '0.333'), ('0.415', '0.545'), ('0.429', '0.400'), ('0.433', '0.333'), ('0.415', '0.667')]","('0.4266', '0.4192')"
SVM,ngram_notes,6,5,rbf,False,True,"[('0.374', '0.652'), ('0.423', '0.471'), ('0.490', '0.111'), ('0.431', '0.417'), ('0.443', '0.250'), ('0.434', '0.375'), ('0.410', '0.667'), ('0.425', '0.500'), ('0.439', '0.286'), ('0.427', '0.500')]","('0.4296', '0.4229')"
SVM,ngram_notes,6,6,rbf,False,True,"[('0.346', '0.636'), ('0.393', '0.500'), ('0.470', '0.118'), ('0.416', '0.364'), ('0.419', '0.286'), ('0.419', '0.286'), ('0.398', '0.571'), ('0.415', '0.333'), ('0.421', '0.200'), ('0.398', '1.000')]","('0.4095', '0.4294')"
SVM,ngram_notes,6,7,rbf,False,True,"[('0.369', '0.238'), ('0.352', '0.467'), ('0.429', '0.125'), ('0.368', '0.400'), ('0.388', '0.167'), ('0.375', '0.333'), ('0.370', '0.400'), ('0.378', '0.250'), ('0.386', '0.000'), ('0.372', '0.000')]","('0.3787', '0.2380')"
SVM,ngram_notes,6,8,rbf,False,True,"[('0.315', '0.600'), ('0.367', '0.500'), ('0.458', '0.133'), ('0.385', '0.444'), ('0.406', '0.200'), ('0.391', '0.400'), ('0.394', '0.333'), ('0.403', '0.000'), ('0.397', '0.000'), ('0.392', '0.000')]","('0.3908', '0.2610')"
SVM,ngram_notes,7,1,rbf,False,True,"[('0.456', '0.667'), ('0.477', '0.571'), ('0.546', '0.091'), ('0.487', '0.500'), ('0.506', '0.250'), ('0.494', '0.417'), ('0.471', '0.647'), ('0.487', '0.500'), ('0.491', '0.467'), ('0.481', '0.583')]","('0.4896', '0.4693')"
SVM,ngram_notes,7,2,rbf,False,True,"[('0.406', '0.654'), ('0.432', '0.550'), ('0.500', '0.095'), ('0.444', '0.467'), ('0.466', '0.182'), ('0.453', '0.364'), ('0.431', '0.600'), ('0.448', '0.429'), ('0.452', '0.385'), ('0.443', '0.500')]","('0.4475', '0.4226')"
SVM,ngram_notes,7,3,rbf,False,True,"[('0.403', '0.640'), ('0.432', '0.526'), ('0.500', '0.100'), ('0.438', '0.500'), ('0.463', '0.200'), ('0.455', '0.300'), ('0.427', '0.615'), ('0.439', '0.500'), ('0.451', '0.364'), ('0.441', '0.500')]","('0.4449', '0.4245')"
SVM,ngram_notes,7,4,rbf,False,True,"[('0.381', '0.625'), ('0.414', '0.500'), ('0.482', '0.105'), ('0.422', '0.462'), ('0.442', '0.222'), ('0.433', '0.333'), ('0.415', '0.545'), ('0.429', '0.400'), ('0.433', '0.333'), ('0.415', '0.667')]","('0.4266', '0.4192')"
SVM,ngram_notes,7,5,rbf,False,True,"[('0.374', '0.652'), ('0.423', '0.471'), ('0.490', '0.111'), ('0.431', '0.417'), ('0.443', '0.250'), ('0.434', '0.375'), ('0.410', '0.667'), ('0.425', '0.500'), ('0.439', '0.286'), ('0.427', '0.500')]","('0.4296', '0.4229')"
SVM,ngram_notes,7,6,rbf,False,True,"[('0.346', '0.636'), ('0.393', '0.500'), ('0.470', '0.118'), ('0.416', '0.364'), ('0.419', '0.286'), ('0.419', '0.286'), ('0.398', '0.571'), ('0.415', '0.333'), ('0.421', '0.200'), ('0.398', '1.000')]","('0.4095', '0.4294')"
SVM,ngram_notes,7,7,rbf,False,True,"[('0.369', '0.238'), ('0.352', '0.467'), ('0.429', '0.125'), ('0.368', '0.400'), ('0.388', '0.167'), ('0.375', '0.333'), ('0.370', '0.400'), ('0.378', '0.250'), ('0.386', '0.000'), ('0.372', '0.000')]","('0.3787', '0.2380')"
SVM,ngram_notes,7,8,rbf,False,True,"[('0.315', '0.600'), ('0.367', '0.500'), ('0.458', '0.133'), ('0.385', '0.444'), ('0.406', '0.200'), ('0.391', '0.400'), ('0.394', '0.333'), ('0.403', '0.000'), ('0.397', '0.000'), ('0.392', '0.000')]","('0.3908', '0.2610')"
SVM,ngram_notes,8,1,rbf,False,True,"[('0.456', '0.667'), ('0.477', '0.571'), ('0.546', '0.091'), ('0.487', '0.500'), ('0.506', '0.250'), ('0.494', '0.417'), ('0.471', '0.647'), ('0.487', '0.500'), ('0.491', '0.467'), ('0.481', '0.583')]","('0.4896', '0.4693')"
SVM,ngram_notes,8,2,rbf,False,True,"[('0.406', '0.654'), ('0.432', '0.550'), ('0.500', '0.095'), ('0.444', '0.467'), ('0.466', '0.182'), ('0.453', '0.364'), ('0.431', '0.600'), ('0.448', '0.429'), ('0.452', '0.385'), ('0.443', '0.500')]","('0.4475', '0.4226')"
SVM,ngram_notes,8,3,rbf,False,True,"[('0.403', '0.640'), ('0.432', '0.526'), ('0.500', '0.100'), ('0.438', '0.500'), ('0.463', '0.200'), ('0.455', '0.300'), ('0.427', '0.615'), ('0.439', '0.500'), ('0.451', '0.364'), ('0.441', '0.500')]","('0.4449', '0.4245')"
SVM,ngram_notes,8,4,rbf,False,True,"[('0.381', '0.625'), ('0.414', '0.500'), ('0.482', '0.105'), ('0.422', '0.462'), ('0.442', '0.222'), ('0.433', '0.333'), ('0.415', '0.545'), ('0.429', '0.400'), ('0.433', '0.333'), ('0.415', '0.667')]","('0.4266', '0.4192')"
SVM,ngram_notes,8,5,rbf,False,True,"[('0.374', '0.652'), ('0.423', '0.471'), ('0.490', '0.111'), ('0.431', '0.417'), ('0.443', '0.250'), ('0.434', '0.375'), ('0.410', '0.667'), ('0.425', '0.500'), ('0.439', '0.286'), ('0.427', '0.500')]","('0.4296', '0.4229')"
SVM,ngram_notes,8,6,rbf,False,True,"[('0.346', '0.636'), ('0.393', '0.500'), ('0.470', '0.118'), ('0.416', '0.364'), ('0.419', '0.286'), ('0.419', '0.286'), ('0.398', '0.571'), ('0.415', '0.333'), ('0.421', '0.200'), ('0.398', '1.000')]","('0.4095', '0.4294')"
SVM,ngram_notes,8,7,rbf,False,True,"[('0.369', '0.238'), ('0.352', '0.467'), ('0.429', '0.125'), ('0.368', '0.400'), ('0.388', '0.167'), ('0.375', '0.333'), ('0.370', '0.400'), ('0.378', '0.250'), ('0.386', '0.000'), ('0.372', '0.000')]","('0.3787', '0.2380')"
SVM,ngram_notes,8,8,rbf,False,True,"[('0.315', '0.600'), ('0.367', '0.500'), ('0.458', '0.133'), ('0.385', '0.444'), ('0.406', '0.200'), ('0.391', '0.400'), ('0.394', '0.333'), ('0.403', '0.000'), ('0.397', '0.000'), ('0.392', '0.000')]","('0.3908', '0.2610')"
SVM,ngram_notes,1,1,rbf,True,True,"[('0.456', '0.667'), ('0.477', '0.571'), ('0.546', '0.091'), ('0.487', '0.500'), ('0.506', '0.250'), ('0.494', '0.417'), ('0.471', '0.647'), ('0.487', '0.500'), ('0.491', '0.467'), ('0.481', '0.583')]","('0.4896', '0.4693')"
SVM,ngram_notes,1,2,rbf,True,True,"[('0.406', '0.654'), ('0.432', '0.550'), ('0.500', '0.095'), ('0.444', '0.467'), ('0.466', '0.182'), ('0.453', '0.364'), ('0.431', '0.600'), ('0.448', '0.429'), ('0.452', '0.385'), ('0.443', '0.500')]","('0.4475', '0.4226')"
SVM,ngram_notes,1,3,rbf,True,True,"[('0.403', '0.640'), ('0.432', '0.526'), ('0.500', '0.100'), ('0.438', '0.500'), ('0.463', '0.200'), ('0.455', '0.300'), ('0.427', '0.615'), ('0.439', '0.500'), ('0.451', '0.364'), ('0.441', '0.500')]","('0.4449', '0.4245')"
SVM,ngram_notes,1,4,rbf,True,True,"[('0.381', '0.625'), ('0.414', '0.500'), ('0.482', '0.105'), ('0.422', '0.462'), ('0.442', '0.222'), ('0.433', '0.333'), ('0.415', '0.545'), ('0.429', '0.400'), ('0.433', '0.333'), ('0.415', '0.667')]","('0.4266', '0.4192')"
SVM,ngram_notes,1,5,rbf,True,True,"[('0.374', '0.652'), ('0.423', '0.471'), ('0.490', '0.111'), ('0.431', '0.417'), ('0.443', '0.250'), ('0.434', '0.375'), ('0.410', '0.667'), ('0.425', '0.500'), ('0.439', '0.286'), ('0.427', '0.500')]","('0.4296', '0.4229')"
SVM,ngram_notes,1,6,rbf,True,True,"[('0.346', '0.636'), ('0.393', '0.500'), ('0.470', '0.118'), ('0.416', '0.364'), ('0.419', '0.286'), ('0.419', '0.286'), ('0.398', '0.571'), ('0.415', '0.333'), ('0.421', '0.200'), ('0.398', '1.000')]","('0.4095', '0.4294')"
SVM,ngram_notes,1,7,rbf,True,True,"[('0.369', '0.238'), ('0.352', '0.467'), ('0.429', '0.125'), ('0.368', '0.400'), ('0.388', '0.167'), ('0.375', '0.333'), ('0.370', '0.400'), ('0.378', '0.250'), ('0.386', '0.000'), ('0.372', '0.000')]","('0.3787', '0.2380')"
SVM,ngram_notes,1,8,rbf,True,True,"[('0.315', '0.600'), ('0.367', '0.500'), ('0.458', '0.133'), ('0.385', '0.444'), ('0.406', '0.200'), ('0.391', '0.400'), ('0.394', '0.333'), ('0.403', '0.000'), ('0.397', '0.000'), ('0.392', '0.000')]","('0.3908', '0.2610')"
SVM,ngram_notes,2,1,rbf,True,True,"[('0.456', '0.667'), ('0.477', '0.571'), ('0.546', '0.091'), ('0.487', '0.500'), ('0.506', '0.250'), ('0.494', '0.417'), ('0.471', '0.647'), ('0.487', '0.500'), ('0.491', '0.467'), ('0.481', '0.583')]","('0.4896', '0.4693')"
SVM,ngram_notes,2,2,rbf,True,True,"[('0.406', '0.654'), ('0.432', '0.550'), ('0.500', '0.095'), ('0.444', '0.467'), ('0.466', '0.182'), ('0.453', '0.364'), ('0.431', '0.600'), ('0.448', '0.429'), ('0.452', '0.385'), ('0.443', '0.500')]","('0.4475', '0.4226')"
SVM,ngram_notes,2,3,rbf,True,True,"[('0.403', '0.640'), ('0.432', '0.526'), ('0.500', '0.100'), ('0.438', '0.500'), ('0.463', '0.200'), ('0.455', '0.300'), ('0.427', '0.615'), ('0.439', '0.500'), ('0.451', '0.364'), ('0.441', '0.500')]","('0.4449', '0.4245')"
SVM,ngram_notes,2,4,rbf,True,True,"[('0.381', '0.625'), ('0.414', '0.500'), ('0.482', '0.105'), ('0.422', '0.462'), ('0.442', '0.222'), ('0.433', '0.333'), ('0.415', '0.545'), ('0.429', '0.400'), ('0.433', '0.333'), ('0.415', '0.667')]","('0.4266', '0.4192')"
SVM,ngram_notes,2,5,rbf,True,True,"[('0.374', '0.652'), ('0.423', '0.471'), ('0.490', '0.111'), ('0.431', '0.417'), ('0.443', '0.250'), ('0.434', '0.375'), ('0.410', '0.667'), ('0.425', '0.500'), ('0.439', '0.286'), ('0.427', '0.500')]","('0.4296', '0.4229')"
SVM,ngram_notes,2,6,rbf,True,True,"[('0.346', '0.636'), ('0.393', '0.500'), ('0.470', '0.118'), ('0.416', '0.364'), ('0.419', '0.286'), ('0.419', '0.286'), ('0.398', '0.571'), ('0.415', '0.333'), ('0.421', '0.200'), ('0.398', '1.000')]","('0.4095', '0.4294')"
SVM,ngram_notes,2,7,rbf,True,True,"[('0.369', '0.238'), ('0.352', '0.467'), ('0.429', '0.125'), ('0.368', '0.400'), ('0.388', '0.167'), ('0.375', '0.333'), ('0.370', '0.400'), ('0.378', '0.250'), ('0.386', '0.000'), ('0.372', '0.000')]","('0.3787', '0.2380')"
SVM,ngram_notes,2,8,rbf,True,True,"[('0.315', '0.600'), ('0.367', '0.500'), ('0.458', '0.133'), ('0.385', '0.444'), ('0.406', '0.200'), ('0.391', '0.400'), ('0.394', '0.333'), ('0.403', '0.000'), ('0.397', '0.000'), ('0.392', '0.000')]","('0.3908', '0.2610')"
SVM,ngram_notes,3,1,rbf,True,True,"[('0.456', '0.667'), ('0.477', '0.571'), ('0.546', '0.091'), ('0.487', '0.500'), ('0.506', '0.250'), ('0.494', '0.417'), ('0.471', '0.647'), ('0.487', '0.500'), ('0.491', '0.467'), ('0.481', '0.583')]","('0.4896', '0.4693')"
SVM,ngram_notes,3,2,rbf,True,True,"[('0.406', '0.654'), ('0.432', '0.550'), ('0.500', '0.095'), ('0.444', '0.467'), ('0.466', '0.182'), ('0.453', '0.364'), ('0.431', '0.600'), ('0.448', '0.429'), ('0.452', '0.385'), ('0.443', '0.500')]","('0.4475', '0.4226')"
SVM,ngram_notes,3,3,rbf,True,True,"[('0.403', '0.640'), ('0.432', '0.526'), ('0.500', '0.100'), ('0.438', '0.500'), ('0.463', '0.200'), ('0.455', '0.300'), ('0.427', '0.615'), ('0.439', '0.500'), ('0.451', '0.364'), ('0.441', '0.500')]","('0.4449', '0.4245')"
SVM,ngram_notes,3,4,rbf,True,True,"[('0.381', '0.625'), ('0.414', '0.500'), ('0.482', '0.105'), ('0.422', '0.462'), ('0.442', '0.222'), ('0.433', '0.333'), ('0.415', '0.545'), ('0.429', '0.400'), ('0.433', '0.333'), ('0.415', '0.667')]","('0.4266', '0.4192')"
SVM,ngram_notes,3,5,rbf,True,True,"[('0.374', '0.652'), ('0.423', '0.471'), ('0.490', '0.111'), ('0.431', '0.417'), ('0.443', '0.250'), ('0.434', '0.375'), ('0.410', '0.667'), ('0.425', '0.500'), ('0.439', '0.286'), ('0.427', '0.500')]","('0.4296', '0.4229')"
SVM,ngram_notes,3,6,rbf,True,True,"[('0.346', '0.636'), ('0.393', '0.500'), ('0.470', '0.118'), ('0.416', '0.364'), ('0.419', '0.286'), ('0.419', '0.286'), ('0.398', '0.571'), ('0.415', '0.333'), ('0.421', '0.200'), ('0.398', '1.000')]","('0.4095', '0.4294')"
SVM,ngram_notes,3,7,rbf,True,True,"[('0.369', '0.238'), ('0.352', '0.467'), ('0.429', '0.125'), ('0.368', '0.400'), ('0.388', '0.167'), ('0.375', '0.333'), ('0.370', '0.400'), ('0.378', '0.250'), ('0.386', '0.000'), ('0.372', '0.000')]","('0.3787', '0.2380')"
SVM,ngram_notes,3,8,rbf,True,True,"[('0.315', '0.600'), ('0.367', '0.500'), ('0.458', '0.133'), ('0.385', '0.444'), ('0.406', '0.200'), ('0.391', '0.400'), ('0.394', '0.333'), ('0.403', '0.000'), ('0.397', '0.000'), ('0.392', '0.000')]","('0.3908', '0.2610')"
SVM,ngram_notes,4,1,rbf,True,True,"[('0.456', '0.667'), ('0.477', '0.571'), ('0.546', '0.091'), ('0.487', '0.500'), ('0.506', '0.250'), ('0.494', '0.417'), ('0.471', '0.647'), ('0.487', '0.500'), ('0.491', '0.467'), ('0.481', '0.583')]","('0.4896', '0.4693')"
SVM,ngram_notes,4,2,rbf,True,True,"[('0.406', '0.654'), ('0.432', '0.550'), ('0.500', '0.095'), ('0.444', '0.467'), ('0.466', '0.182'), ('0.453', '0.364'), ('0.431', '0.600'), ('0.448', '0.429'), ('0.452', '0.385'), ('0.443', '0.500')]","('0.4475', '0.4226')"
SVM,ngram_notes,4,3,rbf,True,True,"[('0.403', '0.640'), ('0.432', '0.526'), ('0.500', '0.100'), ('0.438', '0.500'), ('0.463', '0.200'), ('0.455', '0.300'), ('0.427', '0.615'), ('0.439', '0.500'), ('0.451', '0.364'), ('0.441', '0.500')]","('0.4449', '0.4245')"
SVM,ngram_notes,4,4,rbf,True,True,"[('0.381', '0.625'), ('0.414', '0.500'), ('0.482', '0.105'), ('0.422', '0.462'), ('0.442', '0.222'), ('0.433', '0.333'), ('0.415', '0.545'), ('0.429', '0.400'), ('0.433', '0.333'), ('0.415', '0.667')]","('0.4266', '0.4192')"
SVM,ngram_notes,4,5,rbf,True,True,"[('0.374', '0.652'), ('0.423', '0.471'), ('0.490', '0.111'), ('0.431', '0.417'), ('0.443', '0.250'), ('0.434', '0.375'), ('0.410', '0.667'), ('0.425', '0.500'), ('0.439', '0.286'), ('0.427', '0.500')]","('0.4296', '0.4229')"
SVM,ngram_notes,4,6,rbf,True,True,"[('0.346', '0.636'), ('0.393', '0.500'), ('0.470', '0.118'), ('0.416', '0.364'), ('0.419', '0.286'), ('0.419', '0.286'), ('0.398', '0.571'), ('0.415', '0.333'), ('0.421', '0.200'), ('0.398', '1.000')]","('0.4095', '0.4294')"
SVM,ngram_notes,4,7,rbf,True,True,"[('0.369', '0.238'), ('0.352', '0.467'), ('0.429', '0.125'), ('0.368', '0.400'), ('0.388', '0.167'), ('0.375', '0.333'), ('0.370', '0.400'), ('0.378', '0.250'), ('0.386', '0.000'), ('0.372', '0.000')]","('0.3787', '0.2380')"
SVM,ngram_notes,4,8,rbf,True,True,"[('0.315', '0.600'), ('0.367', '0.500'), ('0.458', '0.133'), ('0.385', '0.444'), ('0.406', '0.200'), ('0.391', '0.400'), ('0.394', '0.333'), ('0.403', '0.000'), ('0.397', '0.000'), ('0.392', '0.000')]","('0.3908', '0.2610')"
SVM,ngram_notes,5,1,rbf,True,True,"[('0.456', '0.667'), ('0.477', '0.571'), ('0.546', '0.091'), ('0.487', '0.500'), ('0.506', '0.250'), ('0.494', '0.417'), ('0.471', '0.647'), ('0.487', '0.500'), ('0.491', '0.467'), ('0.481', '0.583')]","('0.4896', '0.4693')"
SVM,ngram_notes,5,2,rbf,True,True,"[('0.406', '0.654'), ('0.432', '0.550'), ('0.500', '0.095'), ('0.444', '0.467'), ('0.466', '0.182'), ('0.453', '0.364'), ('0.431', '0.600'), ('0.448', '0.429'), ('0.452', '0.385'), ('0.443', '0.500')]","('0.4475', '0.4226')"
SVM,ngram_notes,5,3,rbf,True,True,"[('0.403', '0.640'), ('0.432', '0.526'), ('0.500', '0.100'), ('0.438', '0.500'), ('0.463', '0.200'), ('0.455', '0.300'), ('0.427', '0.615'), ('0.439', '0.500'), ('0.451', '0.364'), ('0.441', '0.500')]","('0.4449', '0.4245')"
SVM,ngram_notes,5,4,rbf,True,True,"[('0.381', '0.625'), ('0.414', '0.500'), ('0.482', '0.105'), ('0.422', '0.462'), ('0.442', '0.222'), ('0.433', '0.333'), ('0.415', '0.545'), ('0.429', '0.400'), ('0.433', '0.333'), ('0.415', '0.667')]","('0.4266', '0.4192')"
SVM,ngram_notes,5,5,rbf,True,True,"[('0.374', '0.652'), ('0.423', '0.471'), ('0.490', '0.111'), ('0.431', '0.417'), ('0.443', '0.250'), ('0.434', '0.375'), ('0.410', '0.667'), ('0.425', '0.500'), ('0.439', '0.286'), ('0.427', '0.500')]","('0.4296', '0.4229')"
SVM,ngram_notes,5,6,rbf,True,True,"[('0.346', '0.636'), ('0.393', '0.500'), ('0.470', '0.118'), ('0.416', '0.364'), ('0.419', '0.286'), ('0.419', '0.286'), ('0.398', '0.571'), ('0.415', '0.333'), ('0.421', '0.200'), ('0.398', '1.000')]","('0.4095', '0.4294')"
SVM,ngram_notes,5,7,rbf,True,True,"[('0.369', '0.238'), ('0.352', '0.467'), ('0.429', '0.125'), ('0.368', '0.400'), ('0.388', '0.167'), ('0.375', '0.333'), ('0.370', '0.400'), ('0.378', '0.250'), ('0.386', '0.000'), ('0.372', '0.000')]","('0.3787', '0.2380')"
SVM,ngram_notes,5,8,rbf,True,True,"[('0.315', '0.600'), ('0.367', '0.500'), ('0.458', '0.133'), ('0.385', '0.444'), ('0.406', '0.200'), ('0.391', '0.400'), ('0.394', '0.333'), ('0.403', '0.000'), ('0.397', '0.000'), ('0.392', '0.000')]","('0.3908', '0.2610')"
SVM,ngram_notes,6,1,rbf,True,True,"[('0.456', '0.667'), ('0.477', '0.571'), ('0.546', '0.091'), ('0.487', '0.500'), ('0.506', '0.250'), ('0.494', '0.417'), ('0.471', '0.647'), ('0.487', '0.500'), ('0.491', '0.467'), ('0.481', '0.583')]","('0.4896', '0.4693')"
SVM,ngram_notes,6,2,rbf,True,True,"[('0.406', '0.654'), ('0.432', '0.550'), ('0.500', '0.095'), ('0.444', '0.467'), ('0.466', '0.182'), ('0.453', '0.364'), ('0.431', '0.600'), ('0.448', '0.429'), ('0.452', '0.385'), ('0.443', '0.500')]","('0.4475', '0.4226')"
SVM,ngram_notes,6,3,rbf,True,True,"[('0.403', '0.640'), ('0.432', '0.526'), ('0.500', '0.100'), ('0.438', '0.500'), ('0.463', '0.200'), ('0.455', '0.300'), ('0.427', '0.615'), ('0.439', '0.500'), ('0.451', '0.364'), ('0.441', '0.500')]","('0.4449', '0.4245')"
SVM,ngram_notes,6,4,rbf,True,True,"[('0.381', '0.625'), ('0.414', '0.500'), ('0.482', '0.105'), ('0.422', '0.462'), ('0.442', '0.222'), ('0.433', '0.333'), ('0.415', '0.545'), ('0.429', '0.400'), ('0.433', '0.333'), ('0.415', '0.667')]","('0.4266', '0.4192')"
SVM,ngram_notes,6,5,rbf,True,True,"[('0.374', '0.652'), ('0.423', '0.471'), ('0.490', '0.111'), ('0.431', '0.417'), ('0.443', '0.250'), ('0.434', '0.375'), ('0.410', '0.667'), ('0.425', '0.500'), ('0.439', '0.286'), ('0.427', '0.500')]","('0.4296', '0.4229')"
SVM,ngram_notes,6,6,rbf,True,True,"[('0.346', '0.636'), ('0.393', '0.500'), ('0.470', '0.118'), ('0.416', '0.364'), ('0.419', '0.286'), ('0.419', '0.286'), ('0.398', '0.571'), ('0.415', '0.333'), ('0.421', '0.200'), ('0.398', '1.000')]","('0.4095', '0.4294')"
SVM,ngram_notes,6,7,rbf,True,True,"[('0.369', '0.238'), ('0.352', '0.467'), ('0.429', '0.125'), ('0.368', '0.400'), ('0.388', '0.167'), ('0.375', '0.333'), ('0.370', '0.400'), ('0.378', '0.250'), ('0.386', '0.000'), ('0.372', '0.000')]","('0.3787', '0.2380')"
SVM,ngram_notes,6,8,rbf,True,True,"[('0.315', '0.600'), ('0.367', '0.500'), ('0.458', '0.133'), ('0.385', '0.444'), ('0.406', '0.200'), ('0.391', '0.400'), ('0.394', '0.333'), ('0.403', '0.000'), ('0.397', '0.000'), ('0.392', '0.000')]","('0.3908', '0.2610')"
SVM,ngram_notes,7,1,rbf,True,True,"[('0.456', '0.667'), ('0.477', '0.571'), ('0.546', '0.091'), ('0.487', '0.500'), ('0.506', '0.250'), ('0.494', '0.417'), ('0.471', '0.647'), ('0.487', '0.500'), ('0.491', '0.467'), ('0.481', '0.583')]","('0.4896', '0.4693')"
SVM,ngram_notes,7,2,rbf,True,True,"[('0.406', '0.654'), ('0.432', '0.550'), ('0.500', '0.095'), ('0.444', '0.467'), ('0.466', '0.182'), ('0.453', '0.364'), ('0.431', '0.600'), ('0.448', '0.429'), ('0.452', '0.385'), ('0.443', '0.500')]","('0.4475', '0.4226')"
SVM,ngram_notes,7,3,rbf,True,True,"[('0.403', '0.640'), ('0.432', '0.526'), ('0.500', '0.100'), ('0.438', '0.500'), ('0.463', '0.200'), ('0.455', '0.300'), ('0.427', '0.615'), ('0.439', '0.500'), ('0.451', '0.364'), ('0.441', '0.500')]","('0.4449', '0.4245')"
SVM,ngram_notes,7,4,rbf,True,True,"[('0.381', '0.625'), ('0.414', '0.500'), ('0.482', '0.105'), ('0.422', '0.462'), ('0.442', '0.222'), ('0.433', '0.333'), ('0.415', '0.545'), ('0.429', '0.400'), ('0.433', '0.333'), ('0.415', '0.667')]","('0.4266', '0.4192')"
SVM,ngram_notes,7,5,rbf,True,True,"[('0.374', '0.652'), ('0.423', '0.471'), ('0.490', '0.111'), ('0.431', '0.417'), ('0.443', '0.250'), ('0.434', '0.375'), ('0.410', '0.667'), ('0.425', '0.500'), ('0.439', '0.286'), ('0.427', '0.500')]","('0.4296', '0.4229')"
SVM,ngram_notes,7,6,rbf,True,True,"[('0.346', '0.636'), ('0.393', '0.500'), ('0.470', '0.118'), ('0.416', '0.364'), ('0.419', '0.286'), ('0.419', '0.286'), ('0.398', '0.571'), ('0.415', '0.333'), ('0.421', '0.200'), ('0.398', '1.000')]","('0.4095', '0.4294')"
SVM,ngram_notes,7,7,rbf,True,True,"[('0.369', '0.238'), ('0.352', '0.467'), ('0.429', '0.125'), ('0.368', '0.400'), ('0.388', '0.167'), ('0.375', '0.333'), ('0.370', '0.400'), ('0.378', '0.250'), ('0.386', '0.000'), ('0.372', '0.000')]","('0.3787', '0.2380')"
SVM,ngram_notes,7,8,rbf,True,True,"[('0.315', '0.600'), ('0.367', '0.500'), ('0.458', '0.133'), ('0.385', '0.444'), ('0.406', '0.200'), ('0.391', '0.400'), ('0.394', '0.333'), ('0.403', '0.000'), ('0.397', '0.000'), ('0.392', '0.000')]","('0.3908', '0.2610')"
SVM,ngram_notes,8,1,rbf,True,True,"[('0.456', '0.667'), ('0.477', '0.571'), ('0.546', '0.091'), ('0.487', '0.500'), ('0.506', '0.250'), ('0.494', '0.417'), ('0.471', '0.647'), ('0.487', '0.500'), ('0.491', '0.467'), ('0.481', '0.583')]","('0.4896', '0.4693')"
SVM,ngram_notes,8,2,rbf,True,True,"[('0.406', '0.654'), ('0.432', '0.550'), ('0.500', '0.095'), ('0.444', '0.467'), ('0.466', '0.182'), ('0.453', '0.364'), ('0.431', '0.600'), ('0.448', '0.429'), ('0.452', '0.385'), ('0.443', '0.500')]","('0.4475', '0.4226')"
SVM,ngram_notes,8,3,rbf,True,True,"[('0.403', '0.640'), ('0.432', '0.526'), ('0.500', '0.100'), ('0.438', '0.500'), ('0.463', '0.200'), ('0.455', '0.300'), ('0.427', '0.615'), ('0.439', '0.500'), ('0.451', '0.364'), ('0.441', '0.500')]","('0.4449', '0.4245')"
SVM,ngram_notes,8,4,rbf,True,True,"[('0.381', '0.625'), ('0.414', '0.500'), ('0.482', '0.105'), ('0.422', '0.462'), ('0.442', '0.222'), ('0.433', '0.333'), ('0.415', '0.545'), ('0.429', '0.400'), ('0.433', '0.333'), ('0.415', '0.667')]","('0.4266', '0.4192')"
SVM,ngram_notes,8,5,rbf,True,True,"[('0.374', '0.652'), ('0.423', '0.471'), ('0.490', '0.111'), ('0.431', '0.417'), ('0.443', '0.250'), ('0.434', '0.375'), ('0.410', '0.667'), ('0.425', '0.500'), ('0.439', '0.286'), ('0.427', '0.500')]","('0.4296', '0.4229')"
SVM,ngram_notes,8,6,rbf,True,True,"[('0.346', '0.636'), ('0.393', '0.500'), ('0.470', '0.118'), ('0.416', '0.364'), ('0.419', '0.286'), ('0.419', '0.286'), ('0.398', '0.571'), ('0.415', '0.333'), ('0.421', '0.200'), ('0.398', '1.000')]","('0.4095', '0.4294')"
SVM,ngram_notes,8,7,rbf,True,True,"[('0.369', '0.238'), ('0.352', '0.467'), ('0.429', '0.125'), ('0.368', '0.400'), ('0.388', '0.167'), ('0.375', '0.333'), ('0.370', '0.400'), ('0.378', '0.250'), ('0.386', '0.000'), ('0.372', '0.000')]","('0.3787', '0.2380')"
SVM,ngram_notes,8,8,rbf,True,True,"[('0.315', '0.600'), ('0.367', '0.500'), ('0.458', '0.133'), ('0.385', '0.444'), ('0.406', '0.200'), ('0.391', '0.400'), ('0.394', '0.333'), ('0.403', '0.000'), ('0.397', '0.000'), ('0.392', '0.000')]","('0.3908', '0.2610')"
